id,observed_on,time_observed_at,user_id,user_login,url,place_guess,latitude,longitude,positional_accuracy,place_county_name,place_state_name,place_country_name,scientific_name,taxon_family_name,field:number of bees collected,field:oba collection method,field:sample id.,field:trap installed,field:trap removed
24606341,5/5/19,2019-05-05 18:14:40 UTC,429964,amelathopoulos,https://www.inaturalist.org/observations/24606341,"33488 SW Tongue Ln, Cornelius, OR 97113, USA",45.4800017,-123.0214498,16,Washington,Oregon,United States,Vaccinium,Ericaceae,3,net,1,,
24619218,5/5/19,2019-05-05 20:57:54 UTC,1462047,marksg,https://www.inaturalist.org/observations/24619218,"305 SW 167th Ave, Beaverton, OR, US",45.51743976,-122.8502006,65,Washington,Oregon,United States,Erysimum capitatum,Brassicaceae,3,net,23,,
24619638,5/5/19,2019-05-05 21:04:23 UTC,1462047,marksg,https://www.inaturalist.org/observations/24619638,"305 SW 167th Ave, Beaverton, OR, US",45.51734819,-122.8501149,65,Washington,Oregon,United States,Aquifoliaceae,Aquifoliaceae,1,net,24,,
24620283,5/5/19,2019-05-05 18:23:59 UTC,327525,brianalindh,https://www.inaturalist.org/observations/24620283,"Baskett Slough National Wildlife Refuge, Dallas, OR, US",44.96185,-123.2592917,5,Polk,Oregon,United States,Valerianella locusta,Caprifoliaceae,1,net,80,,
24620841,5/5/19,2019-05-05 21:16:44 UTC,1482843,jdillow,https://www.inaturalist.org/observations/24620841,"18480 NE Chehalem Dr, Newberg, OR 97132, USA",45.35025322,-123.0011371,9,Yamhill,Oregon,United States,Rhododendron,Ericaceae,13,net,7,,
24622883,5/5/19,2019-05-05 18:38:31 UTC,327525,brianalindh,https://www.inaturalist.org/observations/24622883,"Baskett Slough National Wildlife Refuge, Dallas, OR, US",44.96223333,-123.259505,5,Polk,Oregon,United States,,,1,net,82,,
24623058,5/5/19,2019-05-05 18:32:45 UTC,327525,brianalindh,https://www.inaturalist.org/observations/24623058,"Baskett Slough National Wildlife Refuge, Dallas, OR, US",44.96220333,-123.2596367,5,Polk,Oregon,United States,Sanicula bipinnatifida,Apiaceae,1,net,83,,
24623080,5/5/19,2019-05-05 21:51:57 UTC,1462047,marksg,https://www.inaturalist.org/observations/24623080,"16750 SW Springwater Ln, Beaverton, OR, US",45.51748051,-122.8502682,5,Washington,Oregon,United States,Allium,Amaryllidaceae,1,net,25,,
24624985,5/5/19,2019-05-05 19:09:48 UTC,327525,brianalindh,https://www.inaturalist.org/observations/24624985,"Baskett Slough National Wildlife Refuge, Dallas, OR, US",44.96323,-123.261995,10,Polk,Oregon,United States,Fragaria virginiana,Rosaceae,,net,84,,
24626737,5/5/19,2019-05-05 20:38:09 UTC,1423344,jessica789,https://www.inaturalist.org/observations/24626737,"76277 Young Rd, Rainier, OR 97048, USA",46.10079937,-122.9803344,263,Columbia,Oregon,United States,Hyacinthoides hispanica,Asparagaceae,5,net,10,,
24627949,5/5/19,2019-05-05 22:56:20 UTC,429964,amelathopoulos,https://www.inaturalist.org/observations/24627949,"7128 Skyline Rd S, Salem, OR 97306, USA",44.85180353,-123.10852,6,Marion,Oregon,United States,,,3,net,2,,
24629056,5/5/19,2019-05-05 23:06:41 UTC,927865,natalielozano,https://www.inaturalist.org/observations/24629056,"5901 SE Haig St, Portland, OR, US",45.49830589,-122.6016684,6,Multnomah,Oregon,United States,Smyrnium olusatrum,Apiaceae,2,net,1,,
24632968,5/5/19,2019-05-05 21:10:00 UTC,1539907,pdxmartha,https://www.inaturalist.org/observations/24632968,"1735 Chinook Ave, Tillamook, OR 97141, USA",45.46245199,-123.968546,9,Tillamook,Oregon,United States,Syringa vulgaris,Oleaceae,11,net,1,,
24635640,5/5/19,2019-05-06 00:47:31 UTC,792468,molfamily,https://www.inaturalist.org/observations/24635640,"12125 SE Burns Rd, McMinnville, OR, US",45.17114839,-123.1857576,24,Yamhill,Oregon,United States,Lupinus,Fabaceae,2,net,287,,
24650141,5/5/19,2019-05-05 22:08:20 UTC,1492386,michelesims,https://www.inaturalist.org/observations/24650141,"Deschutes County, US-OR, US",44.23560848,-121.5632182,5,Deschutes,Oregon,United States,Salix,Salicaceae,5,net,3,,
24650183,5/5/19,2019-05-05 22:33:52 UTC,1492386,michelesims,https://www.inaturalist.org/observations/24650183,"Deschutes National Forest, Sisters, OR, US",44.23534052,-121.562721,10,Deschutes,Oregon,United States,Arctostaphylos patula,Ericaceae,5,net,4,,
24686151,5/6/19,2019-05-06 17:19:51 UTC,792468,molfamily,https://www.inaturalist.org/observations/24686151,"Carlton, Yamhill County, US-OR, US",45.30234186,-123.4150475,24,Yamhill,Oregon,United States,Taraxacum officinale,Asteraceae,15,net,288,,
24686261,5/6/19,2019-05-06 17:33:59 UTC,792468,molfamily,https://www.inaturalist.org/observations/24686261,"Yamhill County, US-OR, US",45.30811551,-123.419096,24,Yamhill,Oregon,United States,Acer circinatum,Sapindaceae,6,net,289,,
24686269,5/6/19,2019-05-06 20:03:57 UTC,433308,annie333,https://www.inaturalist.org/observations/24686269,"Independence, OR 97351, USA",44.91971268,-123.115625,9,Polk,Oregon,United States,Camassia leichtlinii,Asparagaceae,3,net,2,,
24686363,5/6/19,2019-05-06 20:08:02 UTC,792468,molfamily,https://www.inaturalist.org/observations/24686363,"12125 SE Burns Rd, McMinnville, OR, US",45.17138495,-123.185303,12,Yamhill,Oregon,United States,Phacelia tanacetifolia,Boraginaceae,36,net,290,,
24686436,5/6/19,2019-05-06 20:09:29 UTC,433308,annie333,https://www.inaturalist.org/observations/24686436,"Independence, OR 97351, USA",44.91974586,-123.1156509,9,Polk,Oregon,United States,Taraxacum,Asteraceae,1,net,3,,
24686562,5/6/19,2019-05-06 20:11:51 UTC,792468,molfamily,https://www.inaturalist.org/observations/24686562,"12125 SE Burns Rd, McMinnville, OR, US",45.17129238,-123.1854544,24,Yamhill,Oregon,United States,Borago officinalis,Boraginaceae,2,net,291,,
24690565,5/6/19,2019-05-06 21:11:29 UTC,829567,tonistephan,https://www.inaturalist.org/observations/24690565,"Crook County, US-OR, US",44.28711546,-120.8440871,6,Crook,Oregon,United States,Salix,Salicaceae,7,net,1,,
24695347,5/6/19,2019-05-06 22:28:22 UTC,620505,judithmaxwell,https://www.inaturalist.org/observations/24695347,"Rough and Ready State Park, Cave Junction, OR, US",42.0954741,-123.6838184,24,Josephine,Oregon,United States,Calochortus tolmiei,Liliaceae,1,net,77,,
24696830,5/5/19,2019-05-05 22:05:19 UTC,841568,lohump,https://www.inaturalist.org/observations/24696830,,,,,,,,Rubus ursinus,Rosaceae,12,net,1,,
24697117,5/5/19,2019-05-05 19:13:36 UTC,841568,lohump,https://www.inaturalist.org/observations/24697117,,,,,,,,Elaeagnus umbellata,Elaeagnaceae,4,net,2,,
24697291,5/6/19,2019-05-06 23:02:14 UTC,1561159,jocelyn_mcauley,https://www.inaturalist.org/observations/24697291,"5313 NE Multnomah St, Portland, OR 97213, USA",45.53148983,-122.6089903,9,Multnomah,Oregon,United States,Rubus ursinus,Rosaceae,5,net,1,,
24697465,5/5/19,2019-05-05 20:15:56 UTC,841568,lohump,https://www.inaturalist.org/observations/24697465,,,,,,,,Raphanus sativus,Brassicaceae,1,net,3,,
24698720,5/6/19,2019-05-06 20:41:36 UTC,770229,englerj,https://www.inaturalist.org/observations/24698720,"8600 Hwy 30w, Mosier, OR 97040, USA",45.6902963,-121.3846108,3400,Wasco,Oregon,United States,Balsamorhiza careyana,Asteraceae,7,net,1,,
24700052,5/6/19,2019-05-06 21:37:05 UTC,800960,pamarion,https://www.inaturalist.org/observations/24700052,"41010 SE Louden Rd, Corbett, OR, US",45.50291651,-122.2410416,200,Multnomah,Oregon,United States,Fragaria vesca,Rosaceae,10,net,4,,
24700215,5/6/19,2019-05-06 23:54:15 UTC,1561159,jocelyn_mcauley,https://www.inaturalist.org/observations/24700215,"1205 NE 53rd Ave, Portland, OR 97213, USA",45.53134677,-122.6090392,9,Multnomah,Oregon,United States,Acer circinatum,Sapindaceae,8,net,2,,
24701088,5/6/19,2019-05-06 19:49:05 UTC,754260,ellenwatrous,https://www.inaturalist.org/observations/24701088,"Josephine County, US-OR, US",42.65117905,-123.5874746,7,Josephine,Oregon,United States,Madia elegans,Asteraceae,1,net,233,,
24706983,5/6/19,2019-05-06 20:54:14 UTC,1423344,jessica789,https://www.inaturalist.org/observations/24706983,"76282 Young Rd, Rainier, OR 97048, USA",46.10089111,-122.9800186,,Columbia,Oregon,United States,Spiraea,Rosaceae,8,net,11,,
24709069,5/6/19,2019-05-06 20:26:51 UTC,754260,ellenwatrous,https://www.inaturalist.org/observations/24709069,"Josephine County, US-OR, US",42.65063811,-123.5903344,9,Josephine,Oregon,United States,Phacelia heterophylla,Boraginaceae,11,net,234,,
24709221,5/6/19,2019-05-06 23:53:11 UTC,754260,ellenwatrous,https://www.inaturalist.org/observations/24709221,"Josephine County, US-OR, US",42.42689942,-123.5445624,6,Josephine,Oregon,United States,,,2,net,235,,
24709227,5/6/19,2019-05-07 00:04:27 UTC,754260,ellenwatrous,https://www.inaturalist.org/observations/24709227,"2394 Limpy Creek Rd, Grants Pass, OR 97527, USA",42.42696496,-123.5446145,7,Josephine,Oregon,United States,Sisyrinchium bellum,Iridaceae,2,net,236,,
24709350,5/6/19,2019-05-07 00:13:09 UTC,754260,ellenwatrous,https://www.inaturalist.org/observations/24709350,"2404 Limpy Creek Rd, Grants Pass, OR 97527, USA",42.42700049,-123.5447588,7,Josephine,Oregon,United States,Plectritis congesta,Caprifoliaceae,3,net,237,,
24709496,5/6/19,2019-05-07 00:46:36 UTC,754260,ellenwatrous,https://www.inaturalist.org/observations/24709496,"2394 Limpy Creek Rd, Grants Pass, OR 97527, USA",42.42692518,-123.5444292,8,Josephine,Oregon,United States,Lomatium triternatum,Apiaceae,1,net,238,,
24729250,5/6/19,2019-05-07 00:53:49 UTC,754260,ellenwatrous,https://www.inaturalist.org/observations/24729250,"2394 Limpy Creek Rd, Grants Pass, OR 97527, USA",42.42716,-123.54417,13,Josephine,Oregon,United States,Quercus garryana breweri,Fagaceae,1,net,239,,
24740884,5/7/19,2019-05-07 18:08:35 UTC,1561159,jocelyn_mcauley,https://www.inaturalist.org/observations/24740884,"Multnomah County, US-OR, US",45.54434417,-122.3721591,9,Multnomah,Oregon,United States,Camassia,Asparagaceae,4,net,1,,
24742494,5/7/19,2019-05-07 18:33:21 UTC,1561159,jocelyn_mcauley,https://www.inaturalist.org/observations/24742494,"Vietnam Veterans Memorial Highway, Troutdale, OR 97060, USA",45.54474667,-122.3720623,5,Multnomah,Oregon,United States,Camassia,Asparagaceae,7,net,2,,
24744531,5/7/19,2019-05-07 19:06:03 UTC,754260,ellenwatrous,https://www.inaturalist.org/observations/24744531,"NF-4201, Selma, OR 97538, USA",42.23717248,-123.6950889,7,Josephine,Oregon,United States,Calochortus tolmiei,Liliaceae,9,net,240,,
24744608,5/7/19,2019-05-07 19:08:34 UTC,1462047,marksg,https://www.inaturalist.org/observations/24744608,"Rogue River-Siskiyou National Forest, Selma, OR, US",42.23730229,-123.6964093,10,Josephine,Oregon,United States,Asterales,,1,net,26,,
24745798,5/7/19,2019-05-07 19:31:00 UTC,1561159,jocelyn_mcauley,https://www.inaturalist.org/observations/24745798,"Confluence Trail, Troutdale, OR 97060, USA",45.54870825,-122.3668835,5,Multnomah,Oregon,United States,Sinapis arvensis,Brassicaceae,2,net,3,,
24745926,5/7/19,2019-05-07 19:32:58 UTC,754260,ellenwatrous,https://www.inaturalist.org/observations/24745926,"NF-4201, Selma, OR 97538, USA",42.23754265,-123.6952771,7,Josephine,Oregon,United States,Packera hesperia,Asteraceae,1,net,241,,
24746672,5/7/19,2019-05-07 19:41:30 UTC,1445574,janknapik,https://www.inaturalist.org/observations/24746672,"Rogue River-Siskiyou National Forest, Selma, OR, US",42.2371436,-123.6964259,9,Josephine,Oregon,United States,Collinsia,Plantaginaceae,6,net,4,,
24747104,5/7/19,2019-05-07 19:58:45 UTC,1561159,jocelyn_mcauley,https://www.inaturalist.org/observations/24747104,"Meadow Trail, Troutdale, OR 97060, USA",45.55222424,-122.3592796,9,Multnomah,Oregon,United States,Brassica rapa,Brassicaceae,10,net,4,,
24747411,5/7/19,2019-05-07 20:07:17 UTC,890797,tiliamae,https://www.inaturalist.org/observations/24747411,"Rogue River-Siskiyou National Forest, Selma, OR, US",42.2372914,-123.6967522,5,Josephine,Oregon,United States,Collinsia sparsiflora,Plantaginaceae,7,net,2,,
24749794,5/7/19,2019-05-07 20:45:11 UTC,890797,tiliamae,https://www.inaturalist.org/observations/24749794,"Rogue River-Siskiyou National Forest, Selma, OR, US",42.23160604,-123.6985408,5,Josephine,Oregon,United States,,,1,net,3,,
24749942,5/7/19,2019-05-07 20:42:06 UTC,1447015,phylismcintosh,https://www.inaturalist.org/observations/24749942,"Rogue River-Siskiyou National Forest, Selma, OR, US",42.23782755,-123.6963893,5,Josephine,Oregon,United States,Festuca,Poaceae,1,net,18,,
24750066,5/7/19,2019-05-07 20:49:06 UTC,1447015,phylismcintosh,https://www.inaturalist.org/observations/24750066,"Rogue River-Siskiyou National Forest, Selma, OR, US",42.23750065,-123.6960241,5,Josephine,Oregon,United States,Calochortus,Liliaceae,5,net,19,,
24752712,5/7/19,2019-05-07 21:34:47 UTC,800960,pamarion,https://www.inaturalist.org/observations/24752712,"41010 SE Louden Rd, Corbett, OR, US",45.50296607,-122.2410842,50,Multnomah,Oregon,United States,Rhododendron,Ericaceae,6,net,5,,
24753190,5/6/19,2019-05-06 18:30:09 UTC,1119443,lindazahl,https://www.inaturalist.org/observations/24753190,"Columbia County, US-OR, US",45.86624756,-122.8227078,5,Columbia,Oregon,United States,Camassia quamash,Asparagaceae,33,pan trap,18,5/6/19 23:57,5/7/19 13:50
24753288,5/7/19,2019-05-07 21:46:27 UTC,890797,tiliamae,https://www.inaturalist.org/observations/24753288,"Rogue River-Siskiyou National Forest, Selma, OR, US",42.24729931,-123.6900331,30,Josephine,Oregon,United States,Erythranthe guttata,Phrymaceae,2,net,4,,
24753335,5/7/19,2019-05-07 20:28:09 UTC,754260,ellenwatrous,https://www.inaturalist.org/observations/24753335,"NF-4201, Selma, OR 97538, USA",42.23708167,-123.6962098,9,Josephine,Oregon,United States,Collinsia linearis,Plantaginaceae,5,net,242,,
24754173,5/7/19,2019-05-07 21:58:41 UTC,800960,pamarion,https://www.inaturalist.org/observations/24754173,"41010 SE Louden Rd, Corbett, OR, US",45.50316334,-122.2409188,5,Multnomah,Oregon,United States,Arctostaphylos,Ericaceae,5,net,6,,
24754901,5/6/19,2019-05-06 18:22:13 UTC,1119443,lindazahl,https://www.inaturalist.org/observations/24754901,"Columbia County, US-OR, US",45.86633398,-122.8226645,5,Columbia,Oregon,United States,Plectritis,Caprifoliaceae,3,net,17,,
24754921,5/7/19,2019-05-07 20:25:49 UTC,858490,heike_williams,https://www.inaturalist.org/observations/24754921,"Jefferson County, US-OR, US",44.49103409,-121.1588353,7,Jefferson,Oregon,United States,Salix,Salicaceae,,,,,
24754950,5/7/19,2019-05-07 21:44:27 UTC,858490,heike_williams,https://www.inaturalist.org/observations/24754950,"850 NW Dogwood Ln, Madras, OR 97741, USA",44.680287,-121.149698,,Jefferson,Oregon,United States,Salix,Salicaceae,6,net,28,,
24754976,5/6/19,2019-05-06 19:02:15 UTC,1119443,lindazahl,https://www.inaturalist.org/observations/24754976,"Columbia County, US-OR, US",45.86611069,-122.8226031,5,Columbia,Oregon,United States,Camassia quamash,Asparagaceae,13,net,19,,
24755062,5/6/19,2019-05-06 19:28:47 UTC,1119443,lindazahl,https://www.inaturalist.org/observations/24755062,"Columbia County, US-OR, US",45.86565836,-122.8243855,5,Columbia,Oregon,United States,Ranunculus occidentalis,Ranunculaceae,3,net,20,,
24755063,5/7/19,2019-05-07 22:21:54 UTC,792468,molfamily,https://www.inaturalist.org/observations/24755063,"54001–54003 SW Hankins Rd, Gaston, OR, US",45.47744399,-123.2329855,32,Washington,Oregon,United States,Geranium lucidum,Geraniaceae,4,net,292,,
24756234,5/7/19,2019-05-07 22:50:06 UTC,792468,molfamily,https://www.inaturalist.org/observations/24756234,"54001–54003 SW Hankins Rd, Gaston, OR, US",45.47753464,-123.2334766,48,Washington,Oregon,United States,Rubus ursinus,Rosaceae,4,net,293,,
24757112,5/7/19,2019-05-07 21:48:25 UTC,1447015,phylismcintosh,https://www.inaturalist.org/observations/24757112,"Josephine County, US-OR, US",42.23109399,-123.660218,5,Josephine,Oregon,United States,Allium siculum,Amaryllidaceae,1,net,20,,
24757286,5/7/19,2019-05-07 23:09:58 UTC,1447015,phylismcintosh,https://www.inaturalist.org/observations/24757286,"Rogue River-Siskiyou National Forest, Selma, OR, US",42.24603238,-123.6878806,10,Josephine,Oregon,United States,Lomatium,Apiaceae,1,net,21,,
24757829,5/7/19,2019-05-07 23:25:59 UTC,792468,molfamily,https://www.inaturalist.org/observations/24757829,"97119, Gaston, OR, US",45.47814586,-123.2409444,96,Washington,Oregon,United States,Geranium lucidum,Geraniaceae,18,net,294,,
24760023,5/7/19,2019-05-07 18:59:37 UTC,327525,brianalindh,https://www.inaturalist.org/observations/24760023,"Rogue River-Siskiyou National Forest, Selma, OR, US",42.237025,-123.6950533,10,Josephine,Oregon,United States,Lewisia oppositifolia,Montiaceae,1,net,90,,
24760465,5/7/19,2019-05-07 19:03:48 UTC,327525,brianalindh,https://www.inaturalist.org/observations/24760465,"Rogue River-Siskiyou National Forest, Selma, OR, US",42.237025,-123.6950533,5095,Josephine,Oregon,United States,,,4,net,91,,
24760599,5/7/19,2019-05-07 19:13:53 UTC,327525,brianalindh,https://www.inaturalist.org/observations/24760599,"Rogue River-Siskiyou National Forest, Selma, OR, US",42.23743333,-123.6952283,5,Josephine,Oregon,United States,Allium falcifolium,Amaryllidaceae,4,net,92,,
24760941,5/7/19,2019-05-07 22:07:21 UTC,754260,ellenwatrous,https://www.inaturalist.org/observations/24760941,"Jeffery Pine Loop, Selma, OR 97538, USA",42.23077879,-123.6606296,8,Josephine,Oregon,United States,Calochortus tolmiei,Liliaceae,1,net,243,,
24760949,5/7/19,2019-05-07 19:19:15 UTC,327525,brianalindh,https://www.inaturalist.org/observations/24760949,"Rogue River-Siskiyou National Forest, Selma, OR, US",42.237575,-123.6951533,10,Josephine,Oregon,United States,Calochortus tolmiei,Liliaceae,3,net,93,,
24761174,5/7/19,2019-05-07 23:08:40 UTC,754260,ellenwatrous,https://www.inaturalist.org/observations/24761174,"Josephine County, US-OR, US",42.24572659,-123.6876475,6,Josephine,Oregon,United States,Hastingsia serpentinicola,Asparagaceae,1,net,244,,
24761302,5/7/19,2019-05-08 00:19:10 UTC,327525,brianalindh,https://www.inaturalist.org/observations/24761302,"1241 Illinois River Rd, Selma, OR, US",42.27845385,-123.6459701,65,Josephine,Oregon,United States,Ranunculus occidentalis,Ranunculaceae,1,net,94,,
24761318,5/7/19,2019-05-07 20:12:59 UTC,327525,brianalindh,https://www.inaturalist.org/observations/24761318,"Rogue River-Siskiyou National Forest, Selma, OR, US",42.23771333,-123.6967383,5,Josephine,Oregon,United States,Collinsia,Plantaginaceae,3,net,95,,
24761354,5/7/19,2019-05-07 23:19:46 UTC,754260,ellenwatrous,https://www.inaturalist.org/observations/24761354,"NF-4201, Selma, OR 97538, USA",42.24598133,-123.6879594,9,Josephine,Oregon,United States,Phacelia corymbosa,Boraginaceae,1,net,245,,
24762287,5/7/19,2019-05-07 20:53:34 UTC,327525,brianalindh,https://www.inaturalist.org/observations/24762287,"Rogue River-Siskiyou National Forest, Selma, OR, US",42.237275,-123.695525,5,Josephine,Oregon,United States,Toxicoscordion venenosum,Melanthiaceae,2,net,97,,
24762384,5/7/19,2019-05-07 21:43:47 UTC,327525,brianalindh,https://www.inaturalist.org/observations/24762384,"Rogue River-Siskiyou National Forest, Selma, OR, US",42.231545,-123.6610417,50,Josephine,Oregon,United States,Calochortus tolmiei,Liliaceae,6,net,98,,
24762472,5/7/19,2019-05-07 21:46:01 UTC,327525,brianalindh,https://www.inaturalist.org/observations/24762472,"Rogue River-Siskiyou National Forest, Selma, OR, US",42.23139167,-123.6609717,10,Josephine,Oregon,United States,Allium falcifolium,Amaryllidaceae,5,net,99,,
24762879,5/7/19,2019-05-07 21:56:41 UTC,327525,brianalindh,https://www.inaturalist.org/observations/24762879,"Rogue River-Siskiyou National Forest, Selma, OR, US",42.23107833,-123.6604917,5,Josephine,Oregon,United States,Triteleia hyacinthina,Asparagaceae,1,net,100,,
24763084,5/7/19,2019-05-07 22:58:53 UTC,327525,brianalindh,https://www.inaturalist.org/observations/24763084,"Rogue River-Siskiyou National Forest, Selma, OR, US",42.24604667,-123.6879883,10,Josephine,Oregon,United States,Gilia capitata,Polemoniaceae,1,net,102,,
24763288,5/7/19,2019-05-07 23:07:48 UTC,327525,brianalindh,https://www.inaturalist.org/observations/24763288,"Rogue River-Siskiyou National Forest, Selma, OR, US",42.245975,-123.6881717,10,Josephine,Oregon,United States,Collinsia,Plantaginaceae,1,net,103,,
24763477,5/7/19,2019-05-07 23:05:21 UTC,327525,brianalindh,https://www.inaturalist.org/observations/24763477,"Rogue River-Siskiyou National Forest, Selma, OR, US",42.24582833,-123.68757,10,Josephine,Oregon,United States,Lomatium,Apiaceae,1,net,104,,
24765306,5/7/19,2019-05-07 19:07:34 UTC,770229,englerj,https://www.inaturalist.org/observations/24765306,"Deschutes County, US-OR, US",44.35950547,-121.2950414,8,Deschutes,Oregon,United States,Salix,Salicaceae,10,net,1,,
24767165,5/7/19,2019-05-08 00:27:29 UTC,792468,molfamily,https://www.inaturalist.org/observations/24767165,"97119, Gaston, OR, US",45.47378482,-123.2476197,16,Washington,Oregon,United States,Vicia sativa,Fabaceae,4,net,295,,
24768932,5/7/19,2019-05-08 00:42:23 UTC,325615,grottaa,https://www.inaturalist.org/observations/24768932,"Washington County, US-OR, US",45.47385673,-123.2479177,10,Washington,Oregon,United States,Vicia sativa,Fabaceae,1,net,1,,
24770436,5/7/19,2019-05-07 19:05:25 UTC,620505,judithmaxwell,https://www.inaturalist.org/observations/24770436,"Rogue River-Siskiyou National Forest, Selma, OR, US",42.23693951,-123.6958319,6,Josephine,Oregon,United States,Collinsia sparsiflora,Plantaginaceae,10,net,78,,
24770686,5/7/19,2019-05-07 22:28:00 UTC,620505,judithmaxwell,https://www.inaturalist.org/observations/24770686,"Josephine County, OR, USA",42.21727,-123.7338,9492,Josephine,Oregon,United States,Calochortus tolmiei,Liliaceae,3,net,79,,
24770842,5/7/19,2019-05-08 04:52:00 UTC,620505,judithmaxwell,https://www.inaturalist.org/observations/24770842,"Josephine County, OR, USA",42.2465878,-123.6895879,122,Josephine,Oregon,United States,Erythranthe guttata,Phrymaceae,2,net,80,,
24780940,5/7/19,2019-05-07 21:47:28 UTC,792775,dto,https://www.inaturalist.org/observations/24780940,"Washington County, US-OR, US",45.4981846,-123.2191148,10,Washington,Oregon,United States,Cytisus scoparius,Fabaceae,10,net,87,,
24780952,5/7/19,2019-05-07 22:07:40 UTC,792775,dto,https://www.inaturalist.org/observations/24780952,"Washington County, US-OR, US",45.49800448,-123.2191445,11,Washington,Oregon,United States,Malus pumila,Rosaceae,6,net,88,,
24780970,5/7/19,2019-05-07 23:43:47 UTC,792775,dto,https://www.inaturalist.org/observations/24780970,"Washington County, US-OR, US",45.478561,-123.238205,,Washington,Oregon,United States,Claytonia sibirica,Montiaceae,14,net,89,,
24788682,5/8/19,2019-05-08 16:02:46 UTC,1447015,phylismcintosh,https://www.inaturalist.org/observations/24788682,"1241 Illinois River Rd, Selma, OR, US",42.28270597,-123.6513789,5,Josephine,Oregon,United States,Toxicoscordion venenosum,Melanthiaceae,1,net,21,,
24791105,5/8/19,2019-05-08 16:54:12 UTC,1447015,phylismcintosh,https://www.inaturalist.org/observations/24791105,"97538, Selma, OR, US",42.28340196,-123.6507615,5,Josephine,Oregon,United States,Calochortus,Liliaceae,7,net,22,,
24791860,5/8/19,2019-05-08 17:09:46 UTC,754260,ellenwatrous,https://www.inaturalist.org/observations/24791860,"Josephine County, US-OR, US",42.28328768,-123.6509364,6,Josephine,Oregon,United States,Calochortus tolmiei,Liliaceae,3,net,246,,
24792816,5/8/19,2019-05-08 17:30:39 UTC,754260,ellenwatrous,https://www.inaturalist.org/observations/24792816,"1241 Illinois River Rd, Selma, OR 97538, USA",42.28407688,-123.6508771,8,Josephine,Oregon,United States,Lewisia oppositifolia,Montiaceae,1,net,247,,
24793327,5/8/19,2019-05-08 17:41:16 UTC,754260,ellenwatrous,https://www.inaturalist.org/observations/24793327,"Selma, OR 97538, USA",42.28423066,-123.6507913,5,Josephine,Oregon,United States,,,1,net,248,,
24793344,5/8/19,2019-05-08 17:42:08 UTC,792468,molfamily,https://www.inaturalist.org/observations/24793344,"21100–21628 SW Peavine Rd, McMinnville, OR, US",45.22001243,-123.335792,12,Yamhill,Oregon,United States,Iris tenax,Iridaceae,3,net,296,,
24793689,5/8/19,2019-05-08 17:47:43 UTC,754260,ellenwatrous,https://www.inaturalist.org/observations/24793689,"Selma, OR 97538, USA",42.28424647,-123.6509377,7,Josephine,Oregon,United States,Calochortus tolmiei,Liliaceae,3,net,249,,
24794191,5/8/19,2019-05-08 17:58:49 UTC,816767,jeaniet,https://www.inaturalist.org/observations/24794191,"33080 Nesika Rd, Gold Beach, OR, US",42.50730192,-124.4136592,5,Curry,Oregon,United States,Hypochaeris radicata,Asteraceae,1,net,73,,
24794295,5/8/19,2019-05-08 18:00:49 UTC,829567,tonistephan,https://www.inaturalist.org/observations/24794295,"Deschutes County, US-OR, US",44.23811939,-121.1830372,21,Deschutes,Oregon,United States,,,0,net,0,2019-05-08T11:02:00-07:00,
24796167,5/8/19,2019-05-08 18:39:44 UTC,792468,molfamily,https://www.inaturalist.org/observations/24796167,"97128, McMinnville, OR, US",45.2074108,-123.3490134,24,Yamhill,Oregon,United States,Claytonia perfoliata,Montiaceae,21,net,297,,
24800104,5/8/19,2019-05-08 16:24:24 UTC,1462047,marksg,https://www.inaturalist.org/observations/24800104,"1241 Illinois River Rd, Selma, OR, US",42.28262861,-123.6513902,10,Josephine,Oregon,United States,Asteraceae,Asteraceae,5,net,35,,
24800453,5/7/19,2019-05-07 19:14:30 UTC,1462047,marksg,https://www.inaturalist.org/observations/24800453,"Rogue River-Siskiyou National Forest, Selma, OR, US",42.23739118,-123.6963242,10,Josephine,Oregon,United States,Collinsia,Plantaginaceae,9,net,27,,
24800735,5/7/19,2019-05-07 19:50:02 UTC,1462047,marksg,https://www.inaturalist.org/observations/24800735,"Rogue River-Siskiyou National Forest, Selma, OR, US",42.23783203,-123.6964903,10,Josephine,Oregon,United States,Allium,Amaryllidaceae,1,net,28,,
24800923,5/7/19,2019-05-07 20:10:50 UTC,1462047,marksg,https://www.inaturalist.org/observations/24800923,"Rogue River-Siskiyou National Forest, Selma, OR, US",42.2378871,-123.6966691,5,Josephine,Oregon,United States,Calochortus,Liliaceae,3,net,29,,
24803105,5/8/19,2019-05-08 21:01:42 UTC,792468,molfamily,https://www.inaturalist.org/observations/24803105,"21650 SW Bennette Rd, McMinnville, OR, US",45.21998725,-123.3360377,16,Yamhill,Oregon,United States,Fragaria,Rosaceae,1,net,299,,
24803346,5/8/19,2019-05-08 21:06:21 UTC,792468,molfamily,https://www.inaturalist.org/observations/24803346,"21250 SW Peavine Rd, McMinnville, OR, US",45.22020509,-123.3358679,32,Yamhill,Oregon,United States,Rubus ursinus,Rosaceae,3,net,299,,
24803923,5/8/19,2019-05-08 20:32:02 UTC,1423344,jessica789,https://www.inaturalist.org/observations/24803923,"76282 Young Rd, Rainier, OR 97048, USA",46.10084152,-122.9797897,,Columbia,Oregon,United States,Crataegus monogyna,Rosaceae,23,net,12,,
24804334,5/8/19,2019-05-08 15:39:53 UTC,327525,brianalindh,https://www.inaturalist.org/observations/24804334,"Illinois River Rd, Selma, OR, US",42.28152167,-123.652345,10,Josephine,Oregon,United States,Agoseris,Asteraceae,4,net,105,,
24805768,5/8/19,2019-05-08 16:21:23 UTC,327525,brianalindh,https://www.inaturalist.org/observations/24805768,"97538, Selma, OR, US",42.28320333,-123.6504533,10,Josephine,Oregon,United States,Calochortus tolmiei,Liliaceae,7,net,106,,
24806269,5/7/19,2019-05-07 20:58:01 UTC,1462047,marksg,https://www.inaturalist.org/observations/24806269,"Rogue River-Siskiyou National Forest, Selma, OR, US",42.23722149,-123.6964366,10,Josephine,Oregon,United States,Calochortus,Liliaceae,2,net,31,,
24806501,5/7/19,2019-05-07 21:54:03 UTC,1462047,marksg,https://www.inaturalist.org/observations/24806501,"Josephine County, US-OR, US",42.24648396,-123.6891226,10,Josephine,Oregon,United States,Phacelia,Boraginaceae,4,net,32,,
24807038,5/8/19,2019-05-08 17:02:46 UTC,327525,brianalindh,https://www.inaturalist.org/observations/24807038,"97538, Selma, OR, US",42.2844,-123.6508467,5,Josephine,Oregon,United States,,,4,net,108,,
24808751,5/8/19,2019-05-08 18:46:11 UTC,792775,dto,https://www.inaturalist.org/observations/24808751,"1726 OR-18, McMinnville, OR 97128, USA",45.1846488,-123.218284,2599,Yamhill,Oregon,United States,Claytonia,Montiaceae,18,net,91,,
24808773,5/8/19,2019-05-08 18:50:22 UTC,792775,dto,https://www.inaturalist.org/observations/24808773,"Oregon, US",45.2075,-123.3467,,Yamhill,Oregon,United States,Achlys triphylla,Berberidaceae,1,net,92,,
24808785,5/8/19,2019-05-08 21:08:00 UTC,792775,dto,https://www.inaturalist.org/observations/24808785,"18460 Gopher Valley Rd, Sheridan, OR 97378, USA",45.22,-123.3467,3500,Yamhill,Oregon,United States,,,10,net,93,,
24808806,5/8/19,2019-05-08 21:30:55 UTC,792775,dto,https://www.inaturalist.org/observations/24808806,"Yamhill County, US-OR, US",45.2128,-123.3133,110,Yamhill,Oregon,United States,Camassia,Asparagaceae,12,net,94,,
24809536,5/8/19,2019-05-08 23:24:17 UTC,885553,threeyees,https://www.inaturalist.org/observations/24809536,,,,6,,,,Geranium lucidum,Geraniaceae,14,net,1,,
24811891,5/8/19,2019-05-08 17:49:29 UTC,620505,judithmaxwell,https://www.inaturalist.org/observations/24811891,"Josephine County, US-OR, US",42.28440645,-123.650123,8,Josephine,Oregon,United States,Calochortus tolmiei,Liliaceae,2,net,81,,
24813565,5/8/19,2019-05-09 00:45:28 UTC,754260,ellenwatrous,https://www.inaturalist.org/observations/24813565,"NF-029, Selma, OR 97538, USA",42.23530687,-123.697162,8,Josephine,Oregon,United States,,,1,net,250,,
24813692,5/8/19,2019-05-09 00:51:52 UTC,754260,ellenwatrous,https://www.inaturalist.org/observations/24813692,"NF-029, Selma, OR 97538, USA",42.23543321,-123.6969161,6,Josephine,Oregon,United States,Camassia leichtlinii,Asparagaceae,1,net,251,,
24816630,5/8/19,2019-05-08 16:40:27 UTC,327525,brianalindh,https://www.inaturalist.org/observations/24816630,"97538, Selma, OR, US",42.28352,-123.65055,10,Josephine,Oregon,United States,Ranunculus,Ranunculaceae,4,net,109,,
24816922,5/8/19,2019-05-08 16:54:47 UTC,327525,brianalindh,https://www.inaturalist.org/observations/24816922,"97538, Selma, OR, US",42.284405,-123.6505583,5,Josephine,Oregon,United States,Asteraceae,Asteraceae,1,net,110,,
24823693,5/7/19,2019-05-07 22:10:51 UTC,1462047,marksg,https://www.inaturalist.org/observations/24823693,"Josephine County, US-OR, US",42.24679342,-123.6894924,5,Josephine,Oregon,United States,Erythranthe guttata,Phrymaceae,2,net,34,,
24823845,5/8/19,2019-05-08 17:02:47 UTC,1462047,marksg,https://www.inaturalist.org/observations/24823845,"97538, Selma, OR, US",42.28388535,-123.6513716,10,Josephine,Oregon,United States,Calochortus,Liliaceae,2,net,36,,
24823911,5/8/19,2019-05-08 17:40:04 UTC,1462047,marksg,https://www.inaturalist.org/observations/24823911,"97538, Selma, OR, US",42.28451881,-123.6508379,5,Josephine,Oregon,United States,,,7,net,37,,
24823968,5/8/19,2019-05-09 00:47:54 UTC,1462047,marksg,https://www.inaturalist.org/observations/24823968,"97538, Selma, OR, US",42.2832886,-123.6507552,10,Josephine,Oregon,United States,Calochortus,Liliaceae,1,net,38,,
24824746,5/8/19,2019-05-09 06:16:00 UTC,620505,judithmaxwell,https://www.inaturalist.org/observations/24824746,"Josephine County, OR, USA",42.2844,-123.6501,1000000,Josephine,Oregon,United States,Synhalonia,Apidae,2,net,84,,
24844548,5/9/19,2019-05-09 17:17:36 UTC,890797,tiliamae,https://www.inaturalist.org/observations/24844548,"Rogue River-Siskiyou National Forest, Cave Junction, OR, US",42.22921711,-123.7035172,10,Josephine,Oregon,United States,Rhododendron,Ericaceae,,net,,,
24844599,5/9/19,2019-05-09 17:18:53 UTC,792468,molfamily,https://www.inaturalist.org/observations/24844599,"2101 SW Tanner Creek Rd, Gaston, OR, US",45.46939229,-123.2051973,16,Washington,Oregon,United States,Lupinus,Fabaceae,13,net,300,,
24844901,5/9/19,2019-05-09 17:14:07 UTC,860617,laustin,https://www.inaturalist.org/observations/24844901,"Rogue River-Siskiyou National Forest, Cave Junction, OR, US",42.228875,-123.7033705,5,Josephine,Oregon,United States,Iris,Iridaceae,0,net,,,
24844935,5/9/19,2019-05-09 17:27:07 UTC,1447015,phylismcintosh,https://www.inaturalist.org/observations/24844935,"Rogue River-Siskiyou National Forest, Cave Junction, OR, US",42.22863599,-123.7030861,5,Josephine,Oregon,United States,Calochortus,Liliaceae,5,net,23,,
24845231,5/9/19,2019-05-09 17:34:34 UTC,792468,molfamily,https://www.inaturalist.org/observations/24845231,"West Shore Dr, Gaston, OR, US",45.46946,-123.205003,,Washington,Oregon,United States,Crataegus,Rosaceae,12,net,301,,
24845664,5/9/19,2019-05-09 16:51:12 UTC,792775,dto,https://www.inaturalist.org/observations/24845664,"Washington County, US-OR, US",45.49957278,-123.2192598,8,Washington,Oregon,United States,Prunus virginiana,Rosaceae,4,net,95,,
24845782,5/9/19,2019-05-09 17:24:28 UTC,1462047,marksg,https://www.inaturalist.org/observations/24845782,"Rogue River-Siskiyou National Forest, Cave Junction, OR, US",42.22931363,-123.7040057,5,Josephine,Oregon,United States,Juncaceae,Juncaceae,1,net,39,,
24845811,5/9/19,2019-05-09 17:46:13 UTC,754260,ellenwatrous,https://www.inaturalist.org/observations/24845811,"NF-029, Selma, OR 97538, USA",42.22888877,-123.7052533,7,Josephine,Oregon,United States,Calochortus tolmiei,Liliaceae,1,net,252,,
24846414,5/9/19,2019-05-09 18:01:36 UTC,754260,ellenwatrous,https://www.inaturalist.org/observations/24846414,"NF-029, Selma, OR 97538, USA",42.22919514,-123.7051626,9,Josephine,Oregon,United States,Balsamorhiza sericea,Asteraceae,4,net,253,,
24847184,5/9/19,2019-05-09 18:19:19 UTC,890797,tiliamae,https://www.inaturalist.org/observations/24847184,"Rogue River-Siskiyou National Forest, Selma, OR, US",42.22996264,-123.7038694,5,Josephine,Oregon,United States,,,2,net,5,,
24848377,5/9/19,2019-05-09 16:57:08 UTC,1450900,karenrichards,https://www.inaturalist.org/observations/24848377,"85700–85798 Scharen Rd, Eugene, OR, US",43.99031071,-123.0353963,10,Lane,Oregon,United States,Ranunculus orthorhynchus,Ranunculaceae,3,net,1,,
24848448,5/9/19,2019-05-09 18:41:41 UTC,816767,jeaniet,https://www.inaturalist.org/observations/24848448,"54001–54003 SW Hankins Rd, Gaston, OR, US",45.4777189,-123.2337493,5,Washington,Oregon,United States,Rubus ursinus,Rosaceae,3,net,74,,
24848558,5/9/19,2019-05-09 18:44:41 UTC,831425,fffpat2,https://www.inaturalist.org/observations/24848558,"54001–54003 SW Hankins Rd, Gaston, OR, US",45.47781379,-123.2334629,5,Washington,Oregon,United States,Geranium,Geraniaceae,3,net,75,,
24848566,5/9/19,2019-05-09 16:57:36 UTC,1450900,karenrichards,https://www.inaturalist.org/observations/24848566,"85700–85798 Scharen Rd, Eugene, OR, US",43.99027416,-123.0354128,5,Lane,Oregon,United States,Camassia leichtlinii,Asparagaceae,1,net,2,,
24848676,5/9/19,2019-05-09 17:23:11 UTC,1450900,karenrichards,https://www.inaturalist.org/observations/24848676,"85701 Scharen Rd, Eugene, OR, US",43.98968395,-123.0322895,5,Lane,Oregon,United States,Geranium lucidum,Geraniaceae,2,net,3,,
24848771,5/9/19,2019-05-09 17:31:49 UTC,1450900,karenrichards,https://www.inaturalist.org/observations/24848771,"85701 Scharen Rd, Eugene, OR, US",43.98924826,-123.0322275,30,Lane,Oregon,United States,Vicia,Fabaceae,1,net,4,,
24848947,5/9/19,2019-05-09 18:54:22 UTC,885553,threeyees,https://www.inaturalist.org/observations/24848947,"54000 SW Hankins Rd, Gaston, OR 97119, USA",45.47779852,-123.2331343,7,Washington,Oregon,United States,Vicia sativa,Fabaceae,1,net,2,,
24849023,5/9/19,2019-05-09 18:56:08 UTC,885553,threeyees,https://www.inaturalist.org/observations/24849023,"54000 SW Hankins Rd, Gaston, OR 97119, USA",45.47783556,-123.2330429,9,Washington,Oregon,United States,Rubus ursinus,Rosaceae,1,net,1,,
24849145,5/9/19,2019-05-09 18:59:22 UTC,1546088,scotttienken,https://www.inaturalist.org/observations/24849145,"54000 SW Hankins Rd, Gaston, OR 97119, USA",45.47764877,-123.2335508,9,Washington,Oregon,United States,Vicia,Fabaceae,1,net,2,,
24849308,5/9/19,2019-05-09 19:01:48 UTC,816767,jeaniet,https://www.inaturalist.org/observations/24849308,"54001–54003 SW Hankins Rd, Gaston, OR, US",45.47765977,-123.2338318,5,Washington,Oregon,United States,Iris tenax,Iridaceae,1,net,75,,
24850242,5/9/19,2019-05-09 19:18:10 UTC,754260,ellenwatrous,https://www.inaturalist.org/observations/24850242,"NF-4201, Selma, OR 97538, USA",42.24670599,-123.689339,8,Josephine,Oregon,United States,Erythranthe guttata,Phrymaceae,1,net,254,,
24850263,5/9/19,2019-05-09 19:20:11 UTC,890797,tiliamae,https://www.inaturalist.org/observations/24850263,"Rogue River-Siskiyou National Forest, Selma, OR, US",42.23623876,-123.6979101,10,Josephine,Oregon,United States,Gilia,Polemoniaceae,1,net,6,,
24850667,5/9/19,2019-05-09 19:27:31 UTC,885553,threeyees,https://www.inaturalist.org/observations/24850667,"3381 SW West Shore Dr, Gaston, OR 97119, USA",45.47372758,-123.2464923,4,Washington,Oregon,United States,Camassia,Asparagaceae,1,net,3,,
24850830,5/9/19,2019-05-09 19:23:10 UTC,829567,tonistephan,https://www.inaturalist.org/observations/24850830,"1377 Main St, Prineville, OR 97754, USA",44.28715817,-120.8440358,7,Crook,Oregon,United States,Magnoliopsida,,1,net,1,,
24851188,5/9/19,2019-05-09 19:37:16 UTC,831425,fffpat2,https://www.inaturalist.org/observations/24851188,"97119, Gaston, OR, US",45.4777798,-123.2406493,10,Washington,Oregon,United States,Geranium lucidum,Geraniaceae,1,net,76,,
24851281,5/9/19,2019-05-09 19:28:21 UTC,858490,heike_williams,https://www.inaturalist.org/observations/24851281,"1377 Main St, Prineville, OR 97754, USA",44.28927866,-120.8456988,8,Crook,Oregon,United States,Lepidium draba,Brassicaceae,14,net,29,,
24852265,5/9/19,2019-05-09 19:19:06 UTC,770229,englerj,https://www.inaturalist.org/observations/24852265,"1377 Main St, Prineville, OR 97754, USA",44.28713978,-120.8440653,7,Crook,Oregon,United States,Salix,Salicaceae,20,net,1,,
24852648,5/9/19,2019-05-09 20:00:29 UTC,1546088,scotttienken,https://www.inaturalist.org/observations/24852648,"Gaston, OR 97119, USA",45.47471318,-123.2473876,132,Washington,Oregon,United States,Cytisus scoparius,Fabaceae,1,net,3,,
24853127,5/9/19,2019-05-09 20:16:21 UTC,792468,molfamily,https://www.inaturalist.org/observations/24853127,"Hankikns Rd, Gaston, OR, US",45.477577,-123.232585,,Washington,Oregon,United States,Iris tenax,Iridaceae,6,net,302,,
24853748,5/9/19,2019-05-09 20:24:37 UTC,890797,tiliamae,https://www.inaturalist.org/observations/24853748,"Rogue River-Siskiyou National Forest, Selma, OR, US",42.23801459,-123.7032367,10,Josephine,Oregon,United States,Lomatium,Apiaceae,4,net,7,,
24855708,5/9/19,2019-05-09 21:05:05 UTC,233445,adriennesmith87,https://www.inaturalist.org/observations/24855708,"Crooked River National Grassland, Culver, OR, US",44.49069412,-121.1586252,11,Jefferson,Oregon,United States,Salix,Salicaceae,10,net,09MAY2019.01,,
24856411,5/9/19,2019-05-09 18:53:51 UTC,354308,maryjomosby,https://www.inaturalist.org/observations/24856411,"54001–54003 SW Hankins Rd, Gaston, OR, US",45.4777337,-123.2330881,5,Washington,Oregon,United States,Vicia,Fabaceae,1,net,4,,
24857377,5/9/19,2019-05-09 21:13:46 UTC,829567,tonistephan,https://www.inaturalist.org/observations/24857377,"SW Haystack Dr, Culver, OR 97734, USA",44.49072966,-121.1587072,9,Jefferson,Oregon,United States,Salix,Salicaceae,1,net,2,,
24857425,5/9/19,2019-05-09 21:43:04 UTC,829567,tonistephan,https://www.inaturalist.org/observations/24857425,"SW Haystack Reservoir Rd, Culver, OR 97734, USA",44.49085388,-121.1579222,9,Jefferson,Oregon,United States,Juniperus occidentalis,Cupressaceae,3,net,3,,
24858228,5/8/19,2019-05-08 17:07:12 UTC,327525,brianalindh,https://www.inaturalist.org/observations/24858228,"1241 Illinois River Rd, Selma, OR, US",42.279275,-123.6469117,5005,Josephine,Oregon,United States,,,1,net,111,,
24858811,5/8/19,2019-05-08 19:18:25 UTC,327525,brianalindh,https://www.inaturalist.org/observations/24858811,"Illinois River Rd, Selma, OR, US",42.282405,-123.6516583,874,Josephine,Oregon,United States,Collinsia linearis,Plantaginaceae,1,net,112,,
24859165,5/8/19,2019-05-08 23:22:18 UTC,327525,brianalindh,https://www.inaturalist.org/observations/24859165,"97538, Selma, OR, US",42.28446667,-123.6526117,10,Josephine,Oregon,United States,Erythranthe,Phrymaceae,5,net,113,,
24859171,5/9/19,2019-05-09 17:48:15 UTC,1462047,marksg,https://www.inaturalist.org/observations/24859171,"Rogue River-Siskiyou National Forest, Cave Junction, OR, US",42.22945423,-123.7039787,10,Josephine,Oregon,United States,Rhododendron indicum,Ericaceae,2,net,40,,
24859380,5/8/19,2019-05-08 23:35:08 UTC,327525,brianalindh,https://www.inaturalist.org/observations/24859380,"1241 Illinois River Rd, Selma, OR, US",42.28182167,-123.649605,5,Josephine,Oregon,United States,Camassia leichtlinii,Asparagaceae,5,net,114,,
24860081,5/9/19,2019-05-09 20:06:25 UTC,1085105,canalest,https://www.inaturalist.org/observations/24860081,"97119, Gaston, OR, US",45.46940475,-123.1625094,7000,Washington,Oregon,United States,Rubus ursinus,Rosaceae,2,net,4,,
24860105,5/9/19,2019-05-09 19:43:01 UTC,1085105,canalest,https://www.inaturalist.org/observations/24860105,"Washington County, US-OR, US",45.4777093,-123.2407202,10,Washington,Oregon,United States,Geranium lucidum,Geraniaceae,4,net,5,,
24863466,5/8/19,2019-05-08 19:27:57 UTC,841568,lohump,https://www.inaturalist.org/observations/24863466,"36969 Row River Rd, Cottage Grove, OR 97424, USA",43.74799728,-122.8941269,,Lane,Oregon,United States,Camassia leichtlinii,Asparagaceae,16,net,1,,
24863478,5/8/19,2019-05-08 19:48:48 UTC,841568,lohump,https://www.inaturalist.org/observations/24863478,"36969 Row River Rd, Cottage Grove, OR 97424, USA",43.74799728,-122.8945084,,Lane,Oregon,United States,Marah oregana,Cucurbitaceae,8,net,2,,
24863811,5/8/19,2019-05-08 20:49:39 UTC,841568,lohump,https://www.inaturalist.org/observations/24863811,"Row River Trail (BLM), Cottage Grove, OR 97424, USA",43.75125504,-122.8945313,,Lane,Oregon,United States,Eschscholzia californica,Papaveraceae,3,net,3,,
24863823,5/8/19,2019-05-08 21:32:02 UTC,841568,lohump,https://www.inaturalist.org/observations/24863823,"36766 Row River Rd, Cottage Grove, OR 97424, USA",43.75466537,-122.8963547,,Lane,Oregon,United States,Lomatium utriculatum,Apiaceae,1,net,4,,
24864560,5/9/19,2019-05-10 00:40:05 UTC,754260,ellenwatrous,https://www.inaturalist.org/observations/24864560,"Josephine County, Selma, US-OR, US",42.23583733,-123.6989899,8,Josephine,Oregon,United States,,,1,net,255,,
24864734,5/9/19,2019-05-09 19:30:00 UTC,1542491,nicolaspackard,https://www.inaturalist.org/observations/24864734,"Washington County,Scoggins Dam 1.5 miles NW Matteson  hedge row 45.4780 -123.2333",45.2415949,-123.2743514,20,Yamhill,Oregon,United States,Rubus ursinus,Rosaceae,1,net,3,,
24864905,5/9/19,2019-05-10 00:49:56 UTC,754260,ellenwatrous,https://www.inaturalist.org/observations/24864905,"NF-4201, Selma, OR 97538, USA",42.23580982,-123.699152,8,Josephine,Oregon,United States,Collinsia linearis,Plantaginaceae,1,net,256,,
24870672,5/9/19,2019-05-09 19:30:06 UTC,1447015,phylismcintosh,https://www.inaturalist.org/observations/24870672,"Rogue River-Siskiyou National Forest, Selma, OR, US",42.24713573,-123.6899613,10,Josephine,Oregon,United States,Calochortus,Liliaceae,4,net,24,,
24872535,5/9/19,2019-05-09 18:15:18 UTC,325615,grottaa,https://www.inaturalist.org/observations/24872535,"54001–54003 SW Hankins Rd, Gaston, OR, US",45.47754695,-123.233428,154,Washington,Oregon,United States,,,40,pan trap,1,5/7/19 15:45,5/9/19 11:15
24872539,5/9/19,2019-05-09 18:30:18 UTC,325615,grottaa,https://www.inaturalist.org/observations/24872539,"54001–54003 SW Hankins Rd, Gaston, OR, US",45.47763431,-123.2333077,155,Washington,Oregon,United States,,,5,vane trap,2,5/7/19 16:15,5/9/19 11:30
24872560,5/9/19,2019-05-09 18:53:25 UTC,325615,grottaa,https://www.inaturalist.org/observations/24872560,"54001–54003 SW Hankins Rd, Gaston, OR, US",45.47750039,-123.2333174,222,Washington,Oregon,United States,Rubus ursinus,Rosaceae,1,net,3,,
24872573,5/9/19,2019-05-09 18:42:24 UTC,325615,grottaa,https://www.inaturalist.org/observations/24872573,"Washington County, US-OR, US",45.477651,-123.23339,46,Washington,Oregon,United States,,,1,net,4,,
24872578,5/9/19,2019-05-09 19:24:57 UTC,325615,grottaa,https://www.inaturalist.org/observations/24872578,"97119, Gaston, OR, US",45.47779014,-123.2407617,171,Washington,Oregon,United States,,,25,pan trap,5,5/7/19 16:45,5/9/19 12:26
24872582,5/9/19,2019-05-09 19:28:40 UTC,325615,grottaa,https://www.inaturalist.org/observations/24872582,"97119, Gaston, OR, US",45.47757946,-123.2408281,246,Washington,Oregon,United States,,,10,vane trap,6,5/7/19 16:50,5/9/19 12:50
24872590,5/9/19,2019-05-09 19:50:09 UTC,325615,grottaa,https://www.inaturalist.org/observations/24872590,"97119, Gaston, OR, US",45.47409889,-123.2475827,194,Washington,Oregon,United States,,,40,pan trap,7,5/7/19 17:15,5/9/19 12:50
24872606,5/9/19,2019-05-09 19:50:14 UTC,325615,grottaa,https://www.inaturalist.org/observations/24872606,"97119, Gaston, OR, US",45.47378589,-123.2475132,294,Washington,Oregon,United States,,,5,vane trap,8,5/7/19 17:30,5/9/19 12:54
24874869,5/9/19,2019-05-09 19:31:07 UTC,354308,maryjomosby,https://www.inaturalist.org/observations/24874869,"Washington County, US-OR, US",45.47796562,-123.2409956,10,Washington,Oregon,United States,Geranium lucidum,Geraniaceae,1,net,5,,
24874871,5/9/19,2019-05-09 19:48:11 UTC,354308,maryjomosby,https://www.inaturalist.org/observations/24874871,"Washington County, US-OR, US",45.47774191,-123.2410369,5,Washington,Oregon,United States,Geranium lucidum,Geraniaceae,1,net,5,,
24882701,5/8/19,,792468,molfamily,https://www.inaturalist.org/observations/24882701,"12125 SE Burns Rd, McMinnville, OR, US",45.17127439,-123.1854536,12,Yamhill,Oregon,United States,,,35,pan trap,303,5/8/19 11:15,5/9/19 15:00
24888564,5/9/19,2019-05-09 21:12:16 UTC,770229,englerj,https://www.inaturalist.org/observations/24888564,"SW Haystack Dr, Culver, OR 97734, USA",44.49074002,-121.158731,5,Jefferson,Oregon,United States,Salix,Salicaceae,1,net,4,,
24898600,5/10/19,2019-05-10 20:37:48 UTC,927865,natalielozano,https://www.inaturalist.org/observations/24898600,"5901 SE Haig St, Portland, OR, US",45.49827303,-122.6017541,22,Multnomah,Oregon,United States,Eschscholzia californica,Papaveraceae,5,net,1,,
24898973,5/10/19,2019-05-10 21:03:21 UTC,890797,tiliamae,https://www.inaturalist.org/observations/24898973,"Rough and Ready State Park, Cave Junction, OR, US",42.09565833,-123.6839617,10,Josephine,Oregon,United States,Eschscholzia californica,Papaveraceae,2,net,10,,
24899252,5/9/19,2019-05-09 16:36:00 UTC,841568,lohump,https://www.inaturalist.org/observations/24899252,"Suzanne Arlie Park, Lane County, OR, USA",43.9899,-123.0353,20,Lane,Oregon,United States,Camassia leichtlinii,Asparagaceae,8,net,1,,
24900476,5/9/19,2019-05-09 17:43:00 UTC,841568,lohump,https://www.inaturalist.org/observations/24900476,"Suzanne Arlie Park, Lane County, OR, USA",43.991,-123.035,20,Lane,Oregon,United States,Geum macrophyllum,Rosaceae,10,net,2,,
24900815,5/9/19,2019-05-09 18:09:00 UTC,841568,lohump,https://www.inaturalist.org/observations/24900815,"Suzanne Arlie Park, Lane County, OR, USA",43.991,-123.035,20,Lane,Oregon,United States,Rubus ursinus,Rosaceae,16,net,3,,
24901140,5/9/19,2019-05-09 18:42:00 UTC,841568,lohump,https://www.inaturalist.org/observations/24901140,"Suzanne Arlie Park, Lane County, OR, USA",43.991,-123.035,20,Lane,Oregon,United States,Ranunculus orthorhynchus,Ranunculaceae,6,net,4,,
24904351,5/10/19,2019-05-10 20:53:05 UTC,1492386,michelesims,https://www.inaturalist.org/observations/24904351,"Jefferson County, US-OR, US",44.47271966,-121.6387255,5,Jefferson,Oregon,United States,Ribes viscosissimum,Grossulariaceae,5,net,5,,
24904371,5/10/19,2019-05-10 21:17:34 UTC,1492386,michelesims,https://www.inaturalist.org/observations/24904371,"Jefferson County, US-OR, US",44.482354,-121.639494,10,Jefferson,Oregon,United States,Berberis aquifolium,Berberidaceae,5,net,6,,
24904395,5/10/19,2019-05-10 22:06:01 UTC,1492386,michelesims,https://www.inaturalist.org/observations/24904395,"Jefferson County, US-OR, US",44.4830048,-121.6399687,30,Jefferson,Oregon,United States,Amelanchier alnifolia,Rosaceae,5,net,7,,
24905116,5/10/19,2019-05-10 23:19:24 UTC,752114,stephaniehazen,https://www.inaturalist.org/observations/24905116,"97317, Salem, OR, US",44.89323178,-122.8855814,5,Marion,Oregon,United States,Aquilegia formosa,Ranunculaceae,1,net,114,,
24905335,5/10/19,2019-05-10 23:23:29 UTC,752114,stephaniehazen,https://www.inaturalist.org/observations/24905335,"97317, Salem, OR, US",44.89359601,-122.8854126,5,Marion,Oregon,United States,Lomatium,Apiaceae,2,net,110,,
24905688,5/10/19,2019-05-10 21:09:04 UTC,620505,judithmaxwell,https://www.inaturalist.org/observations/24905688,"Josephine County, US-OR, US",42.0951778,-123.685355,16,Josephine,Oregon,United States,Plagiobothrys,Boraginaceae,4,net,88,,
24905735,5/10/19,2019-05-10 23:33:14 UTC,752114,stephaniehazen,https://www.inaturalist.org/observations/24905735,"97317, Salem, OR, US",44.89388745,-122.8846135,5,Marion,Oregon,United States,Lomatium nudicaule,Apiaceae,2,net,116,,
24906014,5/10/19,2019-05-10 23:39:29 UTC,752114,stephaniehazen,https://www.inaturalist.org/observations/24906014,"97317, Salem, OR, US",44.89385715,-122.8845111,5,Marion,Oregon,United States,Lomatium nudicaule,Apiaceae,1,net,117,,
24906224,5/10/19,2019-05-10 23:44:10 UTC,752114,stephaniehazen,https://www.inaturalist.org/observations/24906224,"97317, Salem, OR, US",44.89392764,-122.8844655,5,Marion,Oregon,United States,Plectritis congesta,Caprifoliaceae,1,net,115,,
24907042,5/10/19,2019-05-11 00:00:01 UTC,752114,stephaniehazen,https://www.inaturalist.org/observations/24907042,"97317, Salem, OR, US",44.89538316,-122.8854768,5,Marion,Oregon,United States,Lomatium,Apiaceae,4,net,118,,
24907075,5/10/19,2019-05-11 00:02:15 UTC,752114,stephaniehazen,https://www.inaturalist.org/observations/24907075,"97317, Salem, OR, US",44.8953586,-122.8854427,5,Marion,Oregon,United States,Lomatium,Apiaceae,4,net,111,,
24907141,5/10/19,2019-05-11 00:03:18 UTC,752114,stephaniehazen,https://www.inaturalist.org/observations/24907141,"97317, Salem, OR, US",44.89541958,-122.8854887,5,Marion,Oregon,United States,Lomatium,Apiaceae,2,net,110,,
24907240,5/10/19,2019-05-11 00:05:33 UTC,752114,stephaniehazen,https://www.inaturalist.org/observations/24907240,"97317, Salem, OR, US",44.89534012,-122.8854741,5,Marion,Oregon,United States,Lomatium utriculatum,Apiaceae,1,net,115,,
24908027,5/10/19,2019-05-11 00:22:58 UTC,752114,stephaniehazen,https://www.inaturalist.org/observations/24908027,"97317, Salem, OR, US",44.89544209,-122.8863314,5,Marion,Oregon,United States,Sidalcea malviflora,Malvaceae,1,net,119,,
24908588,5/10/19,2019-05-11 00:38:03 UTC,752114,stephaniehazen,https://www.inaturalist.org/observations/24908588,"97317, Salem, OR, US",44.8968238,-122.8881227,5,Marion,Oregon,United States,Lupinus,Fabaceae,2,net,120,,
24911415,5/10/19,2019-05-10 21:32:52 UTC,890797,tiliamae,https://www.inaturalist.org/observations/24911415,"Rough and Ready State Park, Cave Junction, OR, US",42.09578617,-123.6850583,5,Josephine,Oregon,United States,Balsamorhiza sagittata,Asteraceae,1,net,11,,
24915413,5/10/19,2019-05-10 19:06:23 UTC,890797,tiliamae,https://www.inaturalist.org/observations/24915413,"Rogue River-Siskiyou National Forest, Cave Junction, OR, US",42.00665278,-123.5500333,5,Josephine,Oregon,United States,Ribes sanguineum,Grossulariaceae,2,net,8,,
24922466,5/10/19,2019-05-10 17:33:12 UTC,754260,ellenwatrous,https://www.inaturalist.org/observations/24922466,"Josephine County, Cave Junction, US-OR, US",42.00672042,-123.5498769,4,Josephine,Oregon,United States,,,3,net,257,,
24922468,5/10/19,2019-05-10 18:01:32 UTC,754260,ellenwatrous,https://www.inaturalist.org/observations/24922468,"Josephine County, Cave Junction, US-OR, US",42.00618953,-123.5501159,8,Josephine,Oregon,United States,Ribes sanguineum,Grossulariaceae,8,net,258,,
24922478,5/10/19,2019-05-10 18:45:53 UTC,754260,ellenwatrous,https://www.inaturalist.org/observations/24922478,"Josephine County, Cave Junction, US-OR, US",42.00619295,-123.5493923,4,Josephine,Oregon,United States,Ceanothus velutinus,Rhamnaceae,5,net,259,,
24922483,5/10/19,2019-05-10 19:12:17 UTC,754260,ellenwatrous,https://www.inaturalist.org/observations/24922483,"Josephine County, Cave Junction, US-OR, US",42.00672322,-123.548358,4,Josephine,Oregon,United States,Arctostaphylos viscida,Ericaceae,3,net,260,,
24922493,5/10/19,2019-05-10 19:44:32 UTC,754260,ellenwatrous,https://www.inaturalist.org/observations/24922493,"Josephine County, US-OR, US",42.00682921,-123.5498906,8,Josephine,Oregon,United States,Arctostaphylos patula,Ericaceae,9,net,261,,
24933564,5/8/19,2019-05-09 01:04:01 UTC,327525,brianalindh,https://www.inaturalist.org/observations/24933564,"97538, Selma, OR, US",42.28839167,-123.6504283,5,Josephine,Oregon,United States,Phacelia,Boraginaceae,2,net,115,,
24933571,5/8/19,2019-05-09 01:26:01 UTC,327525,brianalindh,https://www.inaturalist.org/observations/24933571,"1241 Illinois River Rd, Selma, OR, US",42.2781,-123.6460117,5,Josephine,Oregon,United States,Toxicoscordion fremontii,Melanthiaceae,1,net,116,,
24944870,5/9/19,2019-05-09 19:33:37 UTC,792775,dto,https://www.inaturalist.org/observations/24944870,"Washington County, US-OR, US",45.478756,-123.23814,,Washington,Oregon,United States,,,5,net,96,,
24945300,5/11/19,2019-05-11 17:35:10 UTC,792468,molfamily,https://www.inaturalist.org/observations/24945300,"Yamhill County, US-OR, US",45.15416146,-123.3212413,24,Yamhill,Oregon,United States,Cichorieae,Asteraceae,5,net,304,,
24945657,5/11/19,2019-05-11 17:38:13 UTC,792468,molfamily,https://www.inaturalist.org/observations/24945657,"14600–15198 SW Muddy Valley Rd, McMinnville, OR, US",45.15420919,-123.3212084,24,Yamhill,Oregon,United States,Cyanus segetum,Asteraceae,1,net,305,,
24949656,5/11/19,2019-05-11 18:48:40 UTC,816767,jeaniet,https://www.inaturalist.org/observations/24949656,"17701 SW Gopher Valley Rd, Sheridan, OR, US",45.13403489,-123.3724218,10,Yamhill,Oregon,United States,Calochortus tolmiei,Liliaceae,12,net,76,,
24953102,5/11/19,2019-05-11 17:42:59 UTC,792468,molfamily,https://www.inaturalist.org/observations/24953102,"14600 SW Muddy Valley Rd, McMinnville, OR, US",45.15404221,-123.3213965,32,Yamhill,Oregon,United States,Erythranthe guttata,Phrymaceae,2,net,306,,
24955079,5/11/19,2019-05-11 17:43:48 UTC,792468,molfamily,https://www.inaturalist.org/observations/24955079,"14600 SW Muddy Valley Rd, McMinnville, OR, US",45.1541471,-123.3212833,24,Yamhill,Oregon,United States,Camassia leichtlinii,Asparagaceae,10,net,307,,
24955109,5/11/19,2019-05-11 19:04:44 UTC,792468,molfamily,https://www.inaturalist.org/observations/24955109,"Yamhill County, US-OR, US",45.16252757,-123.3246385,16,Yamhill,Oregon,United States,Calochortus tolmiei,Liliaceae,12,net,308,,
24955139,5/11/19,2019-05-11 19:42:03 UTC,792468,molfamily,https://www.inaturalist.org/observations/24955139,"14600 SW Muddy Valley Rd, McMinnville, OR, US",45.15755822,-123.3263649,16,Yamhill,Oregon,United States,Lupinus sulphureus kincaidii,Fabaceae,3,net,308,,
24955565,5/9/19,2019-05-09 17:32:29 UTC,327525,brianalindh,https://www.inaturalist.org/observations/24955565,"Rogue River-Siskiyou National Forest, Cave Junction, OR, US",42.22855,-123.7044833,30,Josephine,Oregon,United States,Calochortus tolmiei,Liliaceae,6,net,117,,
24955653,5/9/19,2019-05-09 17:31:20 UTC,327525,brianalindh,https://www.inaturalist.org/observations/24955653,"Rogue River-Siskiyou National Forest, Cave Junction, OR, US",42.22834667,-123.7050783,5,Josephine,Oregon,United States,Iris,Iridaceae,1,net,118,,
24955770,5/9/19,2019-05-09 17:30:10 UTC,327525,brianalindh,https://www.inaturalist.org/observations/24955770,"Rogue River-Siskiyou National Forest, Cave Junction, OR, US",42.22852833,-123.7051,5,Josephine,Oregon,United States,Asteraceae,Asteraceae,2,net,119,,
24955858,5/9/19,2019-05-09 17:38:49 UTC,327525,brianalindh,https://www.inaturalist.org/observations/24955858,"Rogue River-Siskiyou National Forest, Cave Junction, OR, US",42.228275,-123.7049633,5,Josephine,Oregon,United States,Allium falcifolium,Amaryllidaceae,2,net,120,,
24956101,5/9/19,2019-05-09 19:14:46 UTC,327525,brianalindh,https://www.inaturalist.org/observations/24956101,"Rogue River-Siskiyou National Forest, Selma, OR, US",42.24624167,-123.6886367,5,Josephine,Oregon,United States,Sabulina douglasii,Caryophyllaceae,1,net,123,,
24956159,5/9/19,2019-05-09 19:25:20 UTC,327525,brianalindh,https://www.inaturalist.org/observations/24956159,"Rogue River-Siskiyou National Forest, Selma, OR, US",42.24625833,-123.688645,29990,Josephine,Oregon,United States,,,2,net,124,,
24956242,5/9/19,2019-05-09 19:35:57 UTC,327525,brianalindh,https://www.inaturalist.org/observations/24956242,"Rogue River-Siskiyou National Forest, Selma, OR, US",42.24624167,-123.6886283,9584,Josephine,Oregon,United States,Phacelia,Boraginaceae,6,net,125,,
24956291,5/9/19,2019-05-09 23:11:51 UTC,327525,brianalindh,https://www.inaturalist.org/observations/24956291,"97538, Selma, OR, US",42.28535833,-123.6525283,2012,Josephine,Oregon,United States,Sisyrinchium,Iridaceae,2,net,126,,
24956345,5/9/19,2019-05-09 23:34:14 UTC,327525,brianalindh,https://www.inaturalist.org/observations/24956345,"97538, Selma, OR, US",42.285555,-123.65235,5005,Josephine,Oregon,United States,,,3,net,127,,
24956426,5/9/19,2019-05-09 23:34:14 UTC,327525,brianalindh,https://www.inaturalist.org/observations/24956426,"97538, Selma, OR, US",42.285555,-123.65235,5,Josephine,Oregon,United States,Collinsia linearis,Plantaginaceae,2,net,128,,
24956509,5/9/19,2019-05-09 23:48:46 UTC,327525,brianalindh,https://www.inaturalist.org/observations/24956509,"97538, Selma, OR, US",42.29087,-123.6508717,10,Josephine,Oregon,United States,Lomatium triternatum,Apiaceae,1,net,129,,
24956603,5/9/19,2019-05-10 00:19:58 UTC,327525,brianalindh,https://www.inaturalist.org/observations/24956603,"97538, Selma, OR, US",42.29216333,-123.6520917,5005,Josephine,Oregon,United States,Plagiobothrys,Boraginaceae,15,net,130,,
24956802,5/9/19,2019-05-09 23:48:46 UTC,327525,brianalindh,https://www.inaturalist.org/observations/24956802,"97538, Selma, OR, US",42.29087,-123.6508717,9584,Josephine,Oregon,United States,Phacelia,Boraginaceae,1,net,131,,
24956901,5/9/19,2019-05-10 01:04:07 UTC,327525,brianalindh,https://www.inaturalist.org/observations/24956901,"97538, Selma, OR, US",42.29205333,-123.6513583,5,Josephine,Oregon,United States,Erythranthe,Phrymaceae,1,net,132,,
24957034,5/9/19,2019-05-09 23:11:51 UTC,327525,brianalindh,https://www.inaturalist.org/observations/24957034,"97538, Selma, OR, US",42.28535833,-123.6525283,5,Josephine,Oregon,United States,Calochortus tolmiei,Liliaceae,1,net,133,,
24957106,5/9/19,2019-05-10 00:38:38 UTC,327525,brianalindh,https://www.inaturalist.org/observations/24957106,"97538, Selma, OR, US",42.29252167,-123.6515283,5005,Josephine,Oregon,United States,,,1,net,134,,
24957264,5/10/19,2019-05-10 18:08:42 UTC,327525,brianalindh,https://www.inaturalist.org/observations/24957264,"Rogue River-Siskiyou National Forest, Cave Junction, OR, US",42.00456112,-123.5486667,5,Josephine,Oregon,United States,Ribes sanguineum,Grossulariaceae,6,net,135,,
24957606,5/10/19,2019-05-10 19:19:28 UTC,327525,brianalindh,https://www.inaturalist.org/observations/24957606,"Rogue River-Siskiyou National Forest, Cave Junction, OR, US",42.00706388,-123.5481717,10,Josephine,Oregon,United States,Arctostaphylos,Ericaceae,18,net,136,,
24957706,5/10/19,2019-05-10 18:46:07 UTC,327525,brianalindh,https://www.inaturalist.org/observations/24957706,"Rogue River-Siskiyou National Forest, Cave Junction, OR, US",42.00458612,-123.5487217,10,Josephine,Oregon,United States,,,15,net,137,,
24957846,5/11/19,2019-05-11 21:07:30 UTC,327525,brianalindh,https://www.inaturalist.org/observations/24957846,"205 21st St NE, Salem, OR, US",44.93513403,-123.0145801,65,Marion,Oregon,United States,Ceanothus,Rhamnaceae,1,net,138,,
24957933,5/10/19,2019-05-10 19:49:03 UTC,327525,brianalindh,https://www.inaturalist.org/observations/24957933,"Rogue River-Siskiyou National Forest, Cave Junction, OR, US",42.00675833,-123.5483783,10,Josephine,Oregon,United States,Ribes roezlii,Grossulariaceae,1,net,139,,
24958842,5/11/19,2019-05-11 21:26:47 UTC,1482843,jdillow,https://www.inaturalist.org/observations/24958842,"Yamhill County, US-OR, US",45.30410886,-122.9634583,7,Yamhill,Oregon,United States,Dasiphora fruticosa,Rosaceae,15,net,8,,
24963972,5/7/19,2019-05-07 19:19:27 UTC,1586075,pseudoamazon,https://www.inaturalist.org/observations/24963972,"Josephine County, US-OR, US",42.23722944,-123.6964233,6,Josephine,Oregon,United States,Collinsia linearis,Plantaginaceae,4,net,1,,
24963999,5/7/19,2019-05-07 20:11:21 UTC,1586075,pseudoamazon,https://www.inaturalist.org/observations/24963999,"NF-4201, Selma, OR 97538, USA",42.23768271,-123.6964706,7,Josephine,Oregon,United States,Ranunculaceae,Ranunculaceae,1,net,3,,
24964030,5/7/19,2019-05-07 21:42:23 UTC,1586075,pseudoamazon,https://www.inaturalist.org/observations/24964030,"Josephine County, US-OR, US",42.24669038,-123.6895657,8,Josephine,Oregon,United States,Erythranthe guttata,Phrymaceae,1,net,4,,
24964051,5/7/19,2019-05-07 21:51:47 UTC,1586075,pseudoamazon,https://www.inaturalist.org/observations/24964051,"NF-4201, Selma, OR 97538, USA",42.24717417,-123.6904071,20,Josephine,Oregon,United States,Ranunculaceae,Ranunculaceae,1,net,5,,
24964090,5/7/19,2019-05-07 22:09:24 UTC,1586075,pseudoamazon,https://www.inaturalist.org/observations/24964090,"Josephine County, US-OR, US",42.24768945,-123.6908088,9,Josephine,Oregon,United States,Boraginaceae,Boraginaceae,2,net,6,,
24964123,5/7/19,2019-05-07 22:16:33 UTC,1586075,pseudoamazon,https://www.inaturalist.org/observations/24964123,"Josephine County, US-OR, US",42.24757872,-123.690698,8,Josephine,Oregon,United States,Sabulina douglasii,Caryophyllaceae,1,net,7,,
24964143,5/8/19,2019-05-08 16:27:29 UTC,1586075,pseudoamazon,https://www.inaturalist.org/observations/24964143,"Selma, OR 97538, USA",42.2846374,-123.6524992,5,Josephine,Oregon,United States,Camassia,Asparagaceae,6,net,1,,
24964162,5/8/19,2019-05-08 17:00:13 UTC,1586075,pseudoamazon,https://www.inaturalist.org/observations/24964162,"Selma, OR 97538, USA",42.28464463,-123.6523572,9,Josephine,Oregon,United States,Erythranthe guttata,Phrymaceae,1,net,2,,
24964183,5/9/19,2019-05-09 17:11:03 UTC,1586075,pseudoamazon,https://www.inaturalist.org/observations/24964183,"NF-029, Selma, OR 97538, USA",42.22885186,-123.703942,5,Josephine,Oregon,United States,Asteroideae,Asteraceae,4,net,1,,
24964243,5/9/19,2019-05-09 17:41:56 UTC,1586075,pseudoamazon,https://www.inaturalist.org/observations/24964243,"NF-029, Selma, OR 97538, USA",42.22890929,-123.7049457,6,Josephine,Oregon,United States,Balsamorhiza hookeri,Asteraceae,2,net,3,,
24964294,5/9/19,2019-05-09 18:10:21 UTC,1586075,pseudoamazon,https://www.inaturalist.org/observations/24964294,"NF-029, Selma, OR 97538, USA",42.22857529,-123.7059454,4,Josephine,Oregon,United States,Ranunculaceae,Ranunculaceae,1,net,4,,
24964320,5/9/19,2019-05-09 19:19:01 UTC,1586075,pseudoamazon,https://www.inaturalist.org/observations/24964320,"Josephine County, US-OR, US",42.24767938,-123.6906481,8,Josephine,Oregon,United States,Boraginaceae,Boraginaceae,7,net,5,,
24964337,5/9/19,2019-05-09 19:26:14 UTC,1586075,pseudoamazon,https://www.inaturalist.org/observations/24964337,"NF-4201, Selma, OR 97538, USA",42.24763037,-123.6907045,5,Josephine,Oregon,United States,Sabulina douglasii,Caryophyllaceae,1,net,6,,
24964367,5/9/19,2019-05-09 19:31:28 UTC,1586075,pseudoamazon,https://www.inaturalist.org/observations/24964367,"Josephine County, US-OR, US",42.24767553,-123.6907415,8,Josephine,Oregon,United States,Erysimum,Brassicaceae,1,net,7,,
24964384,5/10/19,2019-05-10 18:21:07 UTC,1586075,pseudoamazon,https://www.inaturalist.org/observations/24964384,"Josephine County, US-OR, US",42.00757631,-123.5502176,8,Josephine,Oregon,United States,Arctostaphylos,Ericaceae,7,net,1,,
24964397,5/10/19,2019-05-10 19:29:46 UTC,1586075,pseudoamazon,https://www.inaturalist.org/observations/24964397,"Josephine County, US-OR, US",42.00821207,-123.5504318,8,Josephine,Oregon,United States,Arctostaphylos,Ericaceae,4,net,3,,
24964415,5/10/19,2019-05-10 20:13:27 UTC,1586075,pseudoamazon,https://www.inaturalist.org/observations/24964415,"Josephine County, US-OR, US",42.00660237,-123.5482826,9,Josephine,Oregon,United States,Arctostaphylos,Ericaceae,9,net,4,,
24969364,5/11/19,2019-05-11 21:53:03 UTC,1482843,jdillow,https://www.inaturalist.org/observations/24969364,"Roberts Center, Newberg, OR 97132, USA",45.30410815,-122.9635112,7,Yamhill,Oregon,United States,Physocarpus opulifolius,Rosaceae,1,net,9,,
24969756,5/10/19,2019-05-11 00:40:13 UTC,752114,stephaniehazen,https://www.inaturalist.org/observations/24969756,"97317, Salem, OR, US",44.89494598,-122.8884967,101,Marion,Oregon,United States,,,4,net,118,,
24974282,5/6/19,2019-05-06 20:00:00 UTC,384451,debibrimacombe,https://www.inaturalist.org/observations/24974282,Extension Field,45.86505,-122.818407,35,Columbia,Oregon,United States,Plectritis,Caprifoliaceae,7,net,6,,
24974600,5/6/19,2019-05-06 21:00:00 UTC,384451,debibrimacombe,https://www.inaturalist.org/observations/24974600,CZ Trail at Chapman,45.823884,-122.967232,10,Columbia,Oregon,United States,,,1,net,7,,
24974777,5/9/19,2019-05-09 21:00:00 UTC,384451,debibrimacombe,https://www.inaturalist.org/observations/24974777,Extension Field,45.864763,-122.819289,36,Columbia,Oregon,United States,Photinia,Rosaceae,2,net,8,,
24974830,5/9/19,2019-05-10 00:00:00 UTC,384451,debibrimacombe,https://www.inaturalist.org/observations/24974830,Extension Field,45.864763,-122.819289,36,Columbia,Oregon,United States,,,1,net,9,,
24995322,5/9/19,2019-05-09 19:35:52 UTC,1462047,marksg,https://www.inaturalist.org/observations/24995322,"Josephine County, US-OR, US",42.24770059,-123.6907892,5,Josephine,Oregon,United States,Plagiobothrys,Boraginaceae,6,net,41,,
24995374,5/9/19,2019-05-10 00:22:46 UTC,1462047,marksg,https://www.inaturalist.org/observations/24995374,"1241 Illinois River Rd, Selma, OR, US",42.27797896,-123.6458186,5005,Josephine,Oregon,United States,,,4,net,42,,
24995399,5/9/19,2019-05-10 00:37:22 UTC,1462047,marksg,https://www.inaturalist.org/observations/24995399,"1241 Illinois River Rd, Selma, OR, US",42.27797896,-123.6458186,5005,Josephine,Oregon,United States,Phacelia,Boraginaceae,2,net,43,,
24995433,5/9/19,2019-05-10 00:51:53 UTC,1462047,marksg,https://www.inaturalist.org/observations/24995433,"1241 Illinois River Rd, Selma, OR, US",42.27797896,-123.6458186,5005,Josephine,Oregon,United States,Erythranthe guttata,Phrymaceae,2,net,44,,
24995582,5/9/19,2019-05-10 01:50:06 UTC,1462047,marksg,https://www.inaturalist.org/observations/24995582,"97538, Selma, OR, US",42.29259645,-123.6513667,10,Josephine,Oregon,United States,Plagiobothrys,Boraginaceae,4,net,46,,
24995629,5/10/19,2019-05-10 17:46:34 UTC,1462047,marksg,https://www.inaturalist.org/observations/24995629,"Josephine County, US-OR, US",42.006807,-123.5494266,10,Josephine,Oregon,United States,Arctostaphylos,Ericaceae,4,net,47,,
24995648,5/10/19,2019-05-10 19:01:51 UTC,1462047,marksg,https://www.inaturalist.org/observations/24995648,"Josephine County, US-OR, US",42.00835254,-123.5507925,10,Josephine,Oregon,United States,,,12,net,48,,
24995681,5/10/19,2019-05-10 20:25:01 UTC,1462047,marksg,https://www.inaturalist.org/observations/24995681,"Josephine County, US-OR, US",42.006,-123.549,,Josephine,Oregon,United States,Arctostaphylos,Ericaceae,4,net,49,,
24996820,5/9/19,2019-05-09 22:16:43 UTC,1434266,laurebordelon,https://www.inaturalist.org/observations/24996820,"Rogue River-Siskiyou National Forest, Sixes, OR, US",42.80650832,-124.3966056,615,Curry,Oregon,United States,Phacelia,Boraginaceae,7,net,9.5.2019.2.7,,
25017483,5/10/19,2019-05-10 18:20:47 UTC,1445574,janknapik,https://www.inaturalist.org/observations/25017483,"Page Mtn Ski Park, Josephine County, US-OR, US",42.00558916,-123.5492349,9,Josephine,Oregon,United States,,,3,net,6,,
25017525,5/10/19,2019-05-10 18:33:12 UTC,1445574,janknapik,https://www.inaturalist.org/observations/25017525,"Josephine County, US-OR, US",42.00560778,-123.5491205,12,Josephine,Oregon,United States,,,2,net,7,,
25017599,5/10/19,2019-05-10 21:01:05 UTC,1445574,janknapik,https://www.inaturalist.org/observations/25017599,"Illinois River State Park, Cave Junction, OR, US",42.15811904,-123.6548829,6946,Josephine,Oregon,United States,,,3,net,8,,
25017635,5/10/19,2019-05-10 21:20:30 UTC,1445574,janknapik,https://www.inaturalist.org/observations/25017635,"Rough and Ready State Park, Cave Junction, OR, US",42.09594119,-123.6841083,9,Josephine,Oregon,United States,Calochortus,Liliaceae,2,net,9,,
25019161,5/12/19,2019-05-12 20:19:52 UTC,1434266,laurebordelon,https://www.inaturalist.org/observations/25019161,"1005 Reserve St, Silverton, OR, US",45.00568443,-122.7731986,19,Marion,Oregon,United States,Vaccinium ovatum,Ericaceae,4,net,12.5.2019.1.3,,
25019958,5/12/19,2019-05-12 20:41:26 UTC,792468,molfamily,https://www.inaturalist.org/observations/25019958,"12275 SE Burns Rd, McMinnville, OR, US",45.16925001,-123.1827986,16,Yamhill,Oregon,United States,Phacelia heterophylla,Boraginaceae,17,net,310,,
25023836,5/12/19,2019-05-12 21:33:56 UTC,1580297,amandaaccamando,https://www.inaturalist.org/observations/25023836,"57245 River Rd, Sunriver, OR 97707, USA",43.88428101,-121.4479291,7,Deschutes,Oregon,United States,Salix,Salicaceae,3,net,1,,
25024302,5/12/19,2019-05-12 21:42:28 UTC,1447015,phylismcintosh,https://www.inaturalist.org/observations/25024302,"Rogue River-Siskiyou National Forest, Cave Junction, OR, US",42.23557797,-123.7906736,10,Josephine,Oregon,United States,Spiraea alba,Rosaceae,3,net,25,,
25025817,5/12/19,2019-05-12 22:03:16 UTC,754260,ellenwatrous,https://www.inaturalist.org/observations/25025817,"3334 NW Covey Run, Corvallis, OR 97330, USA",44.59922295,-123.3149759,9,Benton,Oregon,United States,Iris tenax,Iridaceae,8,net,263,,
25025957,5/12/19,2019-05-12 22:08:59 UTC,752114,stephaniehazen,https://www.inaturalist.org/observations/25025957,"8353 Wagner Ct SE, Salem, OR, US",44.88435945,-122.8876753,5,Marion,Oregon,United States,Sidalcea,Malvaceae,1,net,121,,
25026031,5/12/19,2019-05-12 22:10:22 UTC,752114,stephaniehazen,https://www.inaturalist.org/observations/25026031,"8353 Wagner Ct SE, Salem, OR, US",44.88437487,-122.8877799,10,Marion,Oregon,United States,Lavandula,Lamiaceae,1,net,123,,
25026112,5/12/19,2019-05-12 22:11:39 UTC,752114,stephaniehazen,https://www.inaturalist.org/observations/25026112,"8353 Wagner Ct SE, Salem, OR, US",44.88437672,-122.8877909,5,Marion,Oregon,United States,Thymus vulgaris,Lamiaceae,2,net,122,,
25028538,5/12/19,2019-05-12 22:08:06 UTC,1447015,phylismcintosh,https://www.inaturalist.org/observations/25028538,"Rogue River-Siskiyou National Forest, Cave Junction, OR, US",42.23154971,-123.7708978,5,Josephine,Oregon,United States,Fabaceae,Fabaceae,3,net,26,,
25028560,5/12/19,2019-05-12 22:48:39 UTC,1447015,phylismcintosh,https://www.inaturalist.org/observations/25028560,"Rogue River-Siskiyou National Forest, Cave Junction, OR, US",42.24445,-123.7523205,5,Josephine,Oregon,United States,Whipplea modesta,Saxifragaceae,5,net,27,,
25029508,5/12/19,2019-05-12 23:04:33 UTC,754260,ellenwatrous,https://www.inaturalist.org/observations/25029508,"3334 NW Covey Run, Corvallis, OR 97330, USA",44.59923897,-123.3150171,3,Benton,Oregon,United States,Sisyrinchium idahoense,Iridaceae,1,net,264,,
25039045,5/12/19,2019-05-12 21:41:09 UTC,620505,judithmaxwell,https://www.inaturalist.org/observations/25039045,"Josephine County, US-OR, US",42.23564814,-123.7904192,32,Josephine,Oregon,United States,Prunus emarginata,Rosaceae,7,net,89,,
25039051,5/12/19,2019-05-12 22:09:38 UTC,620505,judithmaxwell,https://www.inaturalist.org/observations/25039051,"Rogue River-Siskiyou National Forest, Cave Junction, OR, US",42.23182116,-123.7711707,48,Josephine,Oregon,United States,Thermopsis gracilis,Fabaceae,2,net,90,,
25039055,5/12/19,2019-05-12 23:00:31 UTC,620505,judithmaxwell,https://www.inaturalist.org/observations/25039055,"Rogue River-Siskiyou National Forest, Cave Junction, OR, US",42.24431108,-123.7521972,32,Josephine,Oregon,United States,Thermopsis,Fabaceae,2,net,91,,
25039062,5/12/19,2019-05-12 23:25:14 UTC,620505,judithmaxwell,https://www.inaturalist.org/observations/25039062,"Rogue River-Siskiyou National Forest, Cave Junction, OR, US",42.24445219,-123.7519415,48,Josephine,Oregon,United States,Whipplea modesta,Saxifragaceae,4,net,92,,
25063288,5/7/19,2019-05-08 00:15:00 UTC,792775,dto,https://www.inaturalist.org/observations/25063288,"Gaston, OR 97119, USA",45.47627919,-123.2379968,176,Washington,Oregon,United States,,,3,net,90,,
25068761,5/13/19,2019-05-13 18:16:48 UTC,1445987,vettaesteel,https://www.inaturalist.org/observations/25068761,"2830 Fish Hatchery Rd, Grants Pass, OR 97527, USA",42.3562747,-123.4148827,8,Josephine,Oregon,United States,Brassicaceae,Brassicaceae,3,net,4,,
25071648,5/13/19,2019-05-13 19:06:27 UTC,1445987,vettaesteel,https://www.inaturalist.org/observations/25071648,"Josephine County, US-OR, US",42.35830708,-123.4168143,7,Josephine,Oregon,United States,Eschscholzia californica,Papaveraceae,2,net,5,,
25073934,5/13/19,2019-05-13 20:09:39 UTC,839659,oregonpat,https://www.inaturalist.org/observations/25073934,"850 NW Dogwood Ln, Madras, OR, US",44.68022059,-121.1496257,10,Jefferson,Oregon,United States,Rhus,Anacardiaceae,6,net,5,,
25075740,5/13/19,2019-05-13 19:21:35 UTC,1445987,vettaesteel,https://www.inaturalist.org/observations/25075740,"Nature Trail, Grants Pass, OR 97527, USA",42.35816939,-123.4169003,15,Josephine,Oregon,United States,Plectritis congesta,Caprifoliaceae,1,net,6,,
25075757,5/13/19,2019-05-13 19:56:32 UTC,1445987,vettaesteel,https://www.inaturalist.org/observations/25075757,"2355 Fish Hatchery Rd, Grants Pass, OR 97527, USA",42.3541273,-123.4089454,3015,Josephine,Oregon,United States,Calochortus uniflorus,Liliaceae,4,net,8,,
25080969,5/13/19,2019-05-13 22:44:22 UTC,754260,ellenwatrous,https://www.inaturalist.org/observations/25080969,"3334 NW Covey Run, Corvallis, OR 97330, USA",44.59922763,-123.3153102,8,Benton,Oregon,United States,Geranium oreganum,Geraniaceae,2,net,265,,
25089824,5/13/19,2019-05-13 22:57:28 UTC,1119443,lindazahl,https://www.inaturalist.org/observations/25089824,"91275 Walluski Ranch Rd, Astoria, OR, US",46.12343843,-123.7862352,50,Clatsop,Oregon,United States,Rubus ursinus,Rosaceae,3,net,21,,
25094877,5/13/19,2019-05-13 18:45:37 UTC,620505,judithmaxwell,https://www.inaturalist.org/observations/25094877,"Josephine County, US-OR, US",42.35642901,-123.4152263,64,Josephine,Oregon,United States,Brassicaceae,Brassicaceae,1,net,104,,
25094884,5/13/19,2019-05-13 19:42:31 UTC,620505,judithmaxwell,https://www.inaturalist.org/observations/25094884,"Josephine County, US-OR, US",42.35822968,-123.4163107,24,Josephine,Oregon,United States,Plectritis congesta,Caprifoliaceae,1,net,94,,
25138025,5/10/19,2019-05-10 23:30:00 UTC,1462047,marksg,https://www.inaturalist.org/observations/25138025,"Rogue River-Siskiyou National Forest, Selma, OR, US",42.278,-123.646,5,Josephine,Oregon,United States,Plagiobothrys,Boraginaceae,6,net,50,,
25138471,5/10/19,2019-05-10 19:01:50 UTC,1462047,marksg,https://www.inaturalist.org/observations/25138471,"Josephine County, US-OR, US",42.008,-123.551,,Josephine,Oregon,United States,,,1,net,54,,
25138619,5/10/19,2019-05-10 17:46:33 UTC,1462047,marksg,https://www.inaturalist.org/observations/25138619,"Rogue River-Siskiyou National Forest, Cave Junction, OR, US",42.008,-123.551,30,Josephine,Oregon,United States,Arctostaphylos,Ericaceae,3,net,51,,
25181896,5/5/19,2019-05-05 18:50:00 UTC,843723,pandg,https://www.inaturalist.org/observations/25181896,"Lake Co, Paisley",42.6496,-120.609,,Lake,Oregon,United States,Ribes cereum,Grossulariaceae,13,net,R1,,
25184535,5/13/19,2019-05-13 22:15:00 UTC,620505,judithmaxwell,https://www.inaturalist.org/observations/25184535,"Josephine County, OR, USA",42.3564,-123.4109,,Josephine,Oregon,United States,Lasthenia californica,Asteraceae,2,net,95,,
25184757,5/10/19,2019-05-10 18:00:00 UTC,843723,pandg,https://www.inaturalist.org/observations/25184757,"Crook Co., Prineville",44.371,-120.532,,Crook,Oregon,United States,Ribes cereum,Grossulariaceae,6,net,R1,,
25185000,5/10/19,2019-05-10 20:15:00 UTC,843723,pandg,https://www.inaturalist.org/observations/25185000,"Crook Co., Prineville",44.545,-120.357,,Wheeler,Oregon,United States,Balsamorhiza sagittata,Asteraceae,6,net,R2,,
25185005,5/13/19,2019-05-13 22:25:00 UTC,620505,judithmaxwell,https://www.inaturalist.org/observations/25185005,"Josephine County, OR, USA",42.3564,-123.4109,,Josephine,Oregon,United States,Eschscholzia californica,Papaveraceae,2,net,96,,
25185131,5/10/19,2019-05-10 21:00:00 UTC,843723,pandg,https://www.inaturalist.org/observations/25185131,"Crook Co., Mitchell ",44.5479,-120.3521,,Wheeler,Oregon,United States,Prunus emarginata,Rosaceae,6,net,R3,,
25185137,5/13/19,2019-05-13 22:27:00 UTC,620505,judithmaxwell,https://www.inaturalist.org/observations/25185137,"Josephine County, OR, USA",42.35353122,-123.4101333,31,Josephine,Oregon,United States,Calochortus uniflorus,Liliaceae,9,net,97,,
25185284,5/10/19,2019-05-10 21:30:00 UTC,843723,pandg,https://www.inaturalist.org/observations/25185284,"Crook Co., Mitchell",44.581,-120.277,,Wheeler,Oregon,United States,Lepidium appelianum,Brassicaceae,21,net,R4,,
25185812,5/10/19,2019-05-10 23:45:00 UTC,843723,pandg,https://www.inaturalist.org/observations/25185812,"Grant Co, Kimberly",44.727,-119.643,,Grant,Oregon,United States,Astragalus filipes,Fabaceae,9,net,R5,,
25185942,5/11/19,2019-05-11 15:50:00 UTC,843723,pandg,https://www.inaturalist.org/observations/25185942,"Grant Co, Kimberly",44.769,-119.637,,Grant,Oregon,United States,Magnoliopsida,,8,net,R1,,
25186163,5/11/19,2019-05-11 16:50:00 UTC,843723,pandg,https://www.inaturalist.org/observations/25186163,"Wheeler Co, Kimberly",44.769,-119.671,,Wheeler,Oregon,United States,Phacelia,Boraginaceae,9,net,R2,,
25186386,5/11/19,2019-05-11 18:05:00 UTC,843723,pandg,https://www.inaturalist.org/observations/25186386,"Wheeler Co, Spray",44.825,-119.733,,Wheeler,Oregon,United States,Lepidium appelianum,Brassicaceae,17,net,R3,,
25186547,5/11/19,2019-05-11 20:50:00 UTC,843723,pandg,https://www.inaturalist.org/observations/25186547,"Wheeler Co, Spray",44.868,-119.724,,Wheeler,Oregon,United States,Ribes cereum,Grossulariaceae,9,net,R4,,
25186695,5/11/19,2019-05-11 21:30:00 UTC,843723,pandg,https://www.inaturalist.org/observations/25186695,"Wheeler Co, Hwy 207",44.976,-119.721,,Wheeler,Oregon,United States,Lomatium,Apiaceae,8,net,R5,,
25186924,5/11/19,2019-05-11 23:00:00 UTC,843723,pandg,https://www.inaturalist.org/observations/25186924,"Wheeler Co, Wetmore",45.003,-119.866,,Wheeler,Oregon,United States,Ribes cereum,Grossulariaceae,5,net,R6,,
25188369,5/11/19,2019-05-11 21:20:00 UTC,843723,pandg,https://www.inaturalist.org/observations/25188369,"Wheeler Co, Wetmore ",45.001,-119.871,,Wheeler,Oregon,United States,Prunus emarginata,Rosaceae,30,net,R7,,
25188690,5/12/19,2019-05-12 18:25:00 UTC,843723,pandg,https://www.inaturalist.org/observations/25188690,"Wheeler Co, Service Creek",44.808,-119.968,,Wheeler,Oregon,United States,Phacelia,Boraginaceae,15,net,R1,,
25188826,5/12/19,2019-05-12 20:30:00 UTC,843723,pandg,https://www.inaturalist.org/observations/25188826,"Wheeler Co, Fossil",44.991,-120.165,,Wheeler,Oregon,United States,Prunus emarginata,Rosaceae,7,net,R2,,
25189158,5/12/19,2019-05-12 21:50:00 UTC,843723,pandg,https://www.inaturalist.org/observations/25189158,"Wheeler Co, Fossil",44.991,-120.165,,Wheeler,Oregon,United States,Prunus emarginata,Rosaceae,13,net,R3,,
25189536,5/12/19,2019-05-12 23:10:00 UTC,843723,pandg,https://www.inaturalist.org/observations/25189536,"Wheeler Co, Fossil",44.809,-120.169,,Wheeler,Oregon,United States,Astragalus filipes,Fabaceae,1,net,R4,,
25189796,5/13/19,2019-05-13 18:30:00 UTC,843723,pandg,https://www.inaturalist.org/observations/25189796,"Crook Co., Prineville",44.439,-120.583,,Crook,Oregon,United States,Ribes cereum,Grossulariaceae,5,net,R1,,
25189966,5/13/19,2019-05-13 19:30:00 UTC,843723,pandg,https://www.inaturalist.org/observations/25189966,"Crook Co., Prineville",44.439,-120.583,,Crook,Oregon,United States,Salix,Salicaceae,21,net,R2,,
25190174,5/13/19,2019-05-13 21:15:00 UTC,843723,pandg,https://www.inaturalist.org/observations/25190174,"Crook Co., Prineville",44.47,-120.625,,Crook,Oregon,United States,Prunus emarginata,Rosaceae,13,net,R3,,
25192006,5/13/19,2019-05-13 21:50:00 UTC,843723,pandg,https://www.inaturalist.org/observations/25192006,"Crook Co., Prineville",44.468,-120.631,,Crook,Oregon,United States,Arctostaphylos patula,Ericaceae,5,net,R4,,
25192322,5/13/19,2019-05-13 20:30:00 UTC,829567,tonistephan,https://www.inaturalist.org/observations/25192322,"839 NW Dogwood Ln, Madras, OR 97741, USA",44.67908882,-121.1500144,22,Jefferson,Oregon,United States,Rhus aromatica,Anacardiaceae,1,net,1,,
25217775,5/5/19,2019-05-05 20:00:00 UTC,843723,pandg,https://www.inaturalist.org/observations/25217775,"Lake Co., Valley Falls",42.297,-120.346,,Lake,Oregon,United States,Lomatium,Apiaceae,15,net,R2,,
25218072,5/5/19,2019-05-05 23:40:00 UTC,843723,pandg,https://www.inaturalist.org/observations/25218072,"Lake Co., Lakeview",42.126,-120.606,,Lake,Oregon,United States,Asteraceae,Asteraceae,6,net,R3,,
25218602,5/5/19,2019-05-06 00:15:00 UTC,843723,pandg,https://www.inaturalist.org/observations/25218602,"Lake Co., Drews Resevoir",42.125,-120.67,,Lake,Oregon,United States,Salix,Salicaceae,8,net,R4,,
25219018,5/6/19,2019-05-06 17:45:00 UTC,843723,pandg,https://www.inaturalist.org/observations/25219018,"Lake Co., Bly",42.1263,-120.83,,Lake,Oregon,United States,Ceanothus prostratus,Rhamnaceae,10,net,R1,,
25219702,5/6/19,2019-05-06 19:30:00 UTC,843723,pandg,https://www.inaturalist.org/observations/25219702,"Lake Co., Bly",42.166,-120.833,,Lake,Oregon,United States,Ranunculus alismifolius,Ranunculaceae,7,net,R2,,
25219869,5/6/19,2019-05-06 21:30:00 UTC,843723,pandg,https://www.inaturalist.org/observations/25219869,"Lake Co., Bly",42.3,-120.946,,Klamath,Oregon,United States,Lomatium,Apiaceae,5,net,R3,,
25220663,5/5/19,2019-05-05 19:17:59 UTC,327525,brianalindh,https://www.inaturalist.org/observations/25220663,"Baskett Slough National Wildlife Refuge, Dallas, OR, US",44.963345,-123.2611383,5,Polk,Oregon,United States,Aquilegia formosa,Ranunculaceae,2,net,85,,
25220711,5/5/19,2019-05-05 18:14:43 UTC,327525,brianalindh,https://www.inaturalist.org/observations/25220711,"Baskett Slough National Wildlife Refuge, Dallas, OR, US",44.96102167,-123.25747,5,Polk,Oregon,United States,Crataegus,Rosaceae,1,net,83,,
25225244,5/9/19,2019-05-09 21:13:07 UTC,858490,heike_williams,https://www.inaturalist.org/observations/25225244,"Jefferson County, US-OR, US",44.49074507,-121.1586806,27,Jefferson,Oregon,United States,Salix,Salicaceae,6,net,30,,
25236022,5/5/19,2019-05-05 20:00:00 UTC,843723,pandg,https://www.inaturalist.org/observations/25236022,"Lake County, Valley Falls",42.297,-120.346,,Lake,Oregon,United States,Lomatium,Apiaceae,19,net,G1,,
25236314,5/5/19,2019-05-06 00:15:00 UTC,843723,pandg,https://www.inaturalist.org/observations/25236314,"Lake Co., Lakeview",42.125,-120.67,,Lake,Oregon,United States,Salix,Salicaceae,5,net,G2,,
25236456,5/6/19,2019-05-06 16:45:00 UTC,843723,pandg,https://www.inaturalist.org/observations/25236456,"Lake Co., Lakeview",42.649,-120.609,,Lake,Oregon,United States,Arctostaphylos patula,Ericaceae,7,net,G1,,
25236761,5/6/19,2019-05-06 17:45:00 UTC,843723,pandg,https://www.inaturalist.org/observations/25236761,"Lake Co., Bly",42.126,-120.83,,Lake,Oregon,United States,Ceanothus prostratus,Rhamnaceae,18,net,G2,,
25236933,5/6/19,2019-05-06 19:30:00 UTC,843723,pandg,https://www.inaturalist.org/observations/25236933,"Lake Co., Bly",42.166,-120.833,,Lake,Oregon,United States,Ranunculus alismifolius,Ranunculaceae,15,net,G3,,
25237131,5/6/19,2019-05-06 21:30:00 UTC,843723,pandg,https://www.inaturalist.org/observations/25237131,"Klamath Co., Bly",42.3,-120.946,,Klamath,Oregon,United States,Lomatium,Apiaceae,8,net,G4,,
25237331,5/10/19,2019-05-10 18:00:00 UTC,843723,pandg,https://www.inaturalist.org/observations/25237331,"Crook Co., Prineville",44.371,-120.532,,Crook,Oregon,United States,Ribes cereum,Grossulariaceae,8,net,G1,,
25237472,5/10/19,2019-05-10 20:15:00 UTC,843723,pandg,https://www.inaturalist.org/observations/25237472,"Crook Co., Mitchell",44.545,-120.357,,Wheeler,Oregon,United States,Balsamorhiza sagittata,Asteraceae,7,net,G2,,
25237571,5/10/19,2019-05-10 21:00:00 UTC,843723,pandg,https://www.inaturalist.org/observations/25237571,"Crook Co., Mitchell",44.548,-120.352,,Wheeler,Oregon,United States,Prunus emarginata,Rosaceae,8,net,G3,,
25237674,5/10/19,2019-05-10 21:30:00 UTC,843723,pandg,https://www.inaturalist.org/observations/25237674,"Crook Co., Mitchell",44.581,-120.277,,Wheeler,Oregon,United States,Lepidium appelianum,Brassicaceae,21,net,G4,,
25237928,5/10/19,2019-05-10 23:45:00 UTC,843723,pandg,https://www.inaturalist.org/observations/25237928,"Grant Co., Kimberly",44.727,-119.643,,Grant,Oregon,United States,Astragalus filipes,Fabaceae,10,net,G5,,
25238056,5/11/19,2019-05-11 16:50:00 UTC,843723,pandg,https://www.inaturalist.org/observations/25238056,"Wheeler Co., Kimberly",44.769,-119.671,,Wheeler,Oregon,United States,Phacelia,Boraginaceae,16,net,G1,,
25238145,5/11/19,2019-05-11 18:05:00 UTC,843723,pandg,https://www.inaturalist.org/observations/25238145,"Wheeler Co., Spray",44.825,-119.733,,Wheeler,Oregon,United States,Lepidium appelianum,Brassicaceae,20,net,G2,,
25238310,5/11/19,2019-05-11 20:50:00 UTC,843723,pandg,https://www.inaturalist.org/observations/25238310,"Wheeler Co., Spray",44.868,-119.724,,Wheeler,Oregon,United States,Ribes cereum,Grossulariaceae,12,net,G3,,
25238481,5/11/19,2019-05-11 21:30:00 UTC,843723,pandg,https://www.inaturalist.org/observations/25238481,"Wheeler Co., Spray",44.976,-119.721,,Wheeler,Oregon,United States,Lomatium,Apiaceae,8,net,G4,,
25238684,5/11/19,2019-05-11 23:00:00 UTC,843723,pandg,https://www.inaturalist.org/observations/25238684,"Wheeler Co., Wetmore",45.003,-119.866,,Wheeler,Oregon,United States,Ribes cereum,Grossulariaceae,10,net,G5,,
25238838,5/11/19,2019-05-11 23:20:00 UTC,843723,pandg,https://www.inaturalist.org/observations/25238838,"Wheeler Co., Wetmore",45.001,-119.871,,Wheeler,Oregon,United States,Prunus emarginata,Rosaceae,35,net,G6,,
25238911,5/11/19,2019-05-12 00:00:00 UTC,843723,pandg,https://www.inaturalist.org/observations/25238911,"Wheeler Co., Wetmore",45.001,-119.871,,Wheeler,Oregon,United States,Balsamorhiza sagittata,Asteraceae,13,net,G7,,
25239024,5/12/19,2019-05-12 18:25:00 UTC,843723,pandg,https://www.inaturalist.org/observations/25239024,"Wheeler Co., Service Crk.",44.808,-119.968,,Wheeler,Oregon,United States,Lupinus,Fabaceae,13,net,G1,,
25239125,5/12/19,2019-05-12 21:50:00 UTC,843723,pandg,https://www.inaturalist.org/observations/25239125,"Wheeler Co., Fossil",44.895,-120.104,,Wheeler,Oregon,United States,Prunus emarginata,Rosaceae,19,net,G2,,
25239236,5/13/19,2019-05-13 18:30:00 UTC,843723,pandg,https://www.inaturalist.org/observations/25239236,"Crook Co., Prineville",44.439,-120.583,,Crook,Oregon,United States,Ribes cereum,Grossulariaceae,12,net,G1,,
25239296,5/13/19,2019-05-13 18:30:00 UTC,843723,pandg,https://www.inaturalist.org/observations/25239296,"Crook Co., Prineville",44.439,-120.583,,Crook,Oregon,United States,Taraxacum officinale,Asteraceae,12,net,G2,,
25239417,5/13/19,2019-05-13 19:30:00 UTC,843723,pandg,https://www.inaturalist.org/observations/25239417,"Crook Co., Prineville",44.465,-120.613,,Crook,Oregon,United States,Salix,Salicaceae,27,net,G3,,
25239493,5/13/19,2019-05-13 21:15:00 UTC,843723,pandg,https://www.inaturalist.org/observations/25239493,"Crook Co., Prineville",44.47,-120.625,,Crook,Oregon,United States,Prunus emarginata,Rosaceae,13,net,G4,,
25244045,5/7/19,,1561159,jocelyn_mcauley,https://www.inaturalist.org/observations/25244045,"36689 SE Gordon Creek Rd, Corbett, OR 97019, USA",45.49804239,-122.2781874,33,Multnomah,Oregon,United States,Hydrophyllum tenuipes,Boraginaceae,8,net,5,,
25341753,5/13/19,2019-05-13 19:28:36 UTC,1445987,vettaesteel,https://www.inaturalist.org/observations/25341753,"Josephine County, US-OR, US",42.35851741,-123.4140557,17,Josephine,Oregon,United States,,,1,net,7,,
25350794,5/12/19,2019-05-12 18:54:14 UTC,327525,brianalindh,https://www.inaturalist.org/observations/25350794,"Santiam State Forest, Lyons, OR, US",44.81558333,-122.60965,30,Marion,Oregon,United States,Rubus spectabilis,Rosaceae,1,net,140,,
25350921,5/12/19,2019-05-12 19:08:35 UTC,327525,brianalindh,https://www.inaturalist.org/observations/25350921,"24857 Taylor Park Rd SE, Lyons, OR, US",44.79470833,-122.5673217,10,Marion,Oregon,United States,Fragaria vesca,Rosaceae,1,net,141,,
25350985,5/12/19,2019-05-12 19:13:24 UTC,327525,brianalindh,https://www.inaturalist.org/observations/25350985,"Santiam State Forest, Lyons, OR, US",44.810445,-122.604355,5,Marion,Oregon,United States,Rubus ursinus,Rosaceae,2,net,142,,
25351081,5/12/19,2019-05-12 19:26:27 UTC,327525,brianalindh,https://www.inaturalist.org/observations/25351081,"Santiam State Forest, Lyons, OR, US",44.81023,-122.6066283,10,Marion,Oregon,United States,Tolmiea menziesii,Saxifragaceae,1,net,143,,
25351175,5/12/19,2019-05-12 19:14:36 UTC,327525,brianalindh,https://www.inaturalist.org/observations/25351175,"Santiam State Forest, Lyons, OR, US",44.81031667,-122.6042417,10,Marion,Oregon,United States,,,1,net,144,,
25351221,5/12/19,2019-05-12 19:56:41 UTC,327525,brianalindh,https://www.inaturalist.org/observations/25351221,"Shellberg Rd, Stayton, OR, US",44.80425,-122.624655,50,Marion,Oregon,United States,Claytonia sibirica,Montiaceae,1,net,145,,
25465169,5/14/19,2019-05-14 14:51:25 UTC,752114,stephaniehazen,https://www.inaturalist.org/observations/25465169,"Wheeler County, US-OR, US",44.79729721,-120.0087599,5,Wheeler,Oregon,United States,Aquilegia,Ranunculaceae,1,net,145,,
25465191,5/13/19,2019-05-14 00:43:57 UTC,752114,stephaniehazen,https://www.inaturalist.org/observations/25465191,"Wheeler County, US-OR, US",44.79734017,-120.003117,10,Wheeler,Oregon,United States,Phacelia heterophylla,Boraginaceae,1,net,125,,
25465205,5/13/19,2019-05-13 22:29:39 UTC,752114,stephaniehazen,https://www.inaturalist.org/observations/25465205,"Wheeler County, US-OR, US",44.54634357,-120.3534052,10,Wheeler,Oregon,United States,Balsamorhiza sagittata,Asteraceae,1,net,126,,
25465222,5/13/19,2019-05-13 22:13:57 UTC,752114,stephaniehazen,https://www.inaturalist.org/observations/25465222,"Crook County, US-OR, US",44.48671522,-120.3969096,22,Crook,Oregon,United States,Taraxacum officinale,Asteraceae,1,net,127,,
25465252,5/13/19,2019-05-13 22:07:55 UTC,752114,stephaniehazen,https://www.inaturalist.org/observations/25465252,"Crook County, US-OR, US",44.4869888,-120.3974199,10,Crook,Oregon,United States,Ribes cereum,Grossulariaceae,2,net,128,,
25797206,5/7/19,2019-05-07 20:40:00 UTC,825277,sag,https://www.inaturalist.org/observations/25797206,"Josephine County, OR, USA",42.23683164,-123.6953125,,Josephine,Oregon,United States,,,1,net,1,,
25797441,5/7/19,2019-05-07 20:45:00 UTC,825277,sag,https://www.inaturalist.org/observations/25797441,"Josephine County, OR, USA",42.23684692,-123.6951828,,Josephine,Oregon,United States,Calochortus tolmiei,Liliaceae,2,net,2,,
25797638,5/7/19,2019-05-07 21:03:00 UTC,825277,sag,https://www.inaturalist.org/observations/25797638,"Josephine County, OR, USA",42.23693083,-123.6955109,,Josephine,Oregon,United States,Allium falcifolium,Amaryllidaceae,1,net,3,,
25797900,5/7/19,2019-05-07 21:55:00 UTC,825277,sag,https://www.inaturalist.org/observations/25797900,"Josephine County, OR, USA",42.24681089,-123.6891632,,Josephine,Oregon,United States,Collinsia heterophylla,Plantaginaceae,1,net,4,,
25798060,5/7/19,2019-05-07 22:18:00 UTC,825277,sag,https://www.inaturalist.org/observations/25798060,"Josephine County, OR, USA",42.24656675,-123.6890869,,Josephine,Oregon,United States,Plagiobothrys nothofulvus,Boraginaceae,2,net,5,,
25798286,5/7/19,2019-05-07 22:33:00 UTC,825277,sag,https://www.inaturalist.org/observations/25798286,"Josephine County, OR, USA",42.24667739,-123.6895904,,Josephine,Oregon,United States,Erythranthe guttata,Phrymaceae,2,net,6,,
25852058,5/8/19,2019-05-08 15:53:00 UTC,825277,sag,https://www.inaturalist.org/observations/25852058,"Josephine County, OR, USA",42.28120803,-123.6495438,,Josephine,Oregon,United States,Microseridinae,Asteraceae,7,net,1,,
25852974,5/8/19,2019-05-08 16:41:00 UTC,825277,sag,https://www.inaturalist.org/observations/25852974,"Josephine County, OR, USA",42.28405761,-123.6499786,,Josephine,Oregon,United States,Cichorieae,Asteraceae,2,net,2,,
25853250,5/8/19,2019-05-08 17:10:00 UTC,825277,sag,https://www.inaturalist.org/observations/25853250,"Josephine County, OR, USA",42.28458022,-123.6503219,,Josephine,Oregon,United States,Calochortus tolmiei,Liliaceae,5,net,3,,
25853752,5/8/19,2019-05-08 17:52:00 UTC,825277,sag,https://www.inaturalist.org/observations/25853752,"Josephine County, OR, USA",42.28449247,-123.650383,,Josephine,Oregon,United States,Ranunculus occidentalis,Ranunculaceae,2,net,4,,
25854017,5/8/19,2019-05-08 18:06:00 UTC,825277,sag,https://www.inaturalist.org/observations/25854017,"Josephine County, OR, USA",42.28430175,-123.650795,,Josephine,Oregon,United States,,,1,net,5,,
25854189,5/8/19,2019-05-08 18:17:00 UTC,825277,sag,https://www.inaturalist.org/observations/25854189,"Josephine County, OR, USA",42.28435514,-123.6508789,,Josephine,Oregon,United States,,,1,net,,,
25854415,5/9/19,2019-05-09 17:36:00 UTC,825277,sag,https://www.inaturalist.org/observations/25854415,"Josephine County, OR, USA",42.22904967,-123.7018127,,Josephine,Oregon,United States,Calochortus tolmiei,Liliaceae,1,net,1,,
25854704,5/9/19,2019-05-09 17:53:00 UTC,825277,sag,https://www.inaturalist.org/observations/25854704,"Josephine County, OR, USA",42.22914122,-123.7014008,,Josephine,Oregon,United States,Rhododendron occidentale,Ericaceae,3,net,2,,
25854919,5/9/19,2019-05-09 18:21:00 UTC,825277,sag,https://www.inaturalist.org/observations/25854919,"Josephine County, OR, USA",42.22897339,-123.7014541,,Josephine,Oregon,United States,Balsamorhiza hookeri,Asteraceae,1,net,3,,
25855378,5/9/19,2019-05-09 19:06:00 UTC,825277,sag,https://www.inaturalist.org/observations/25855378,"Josephine County, OR, USA",42.24633025,-123.6890716,,Josephine,Oregon,United States,Phacelia hastata,Boraginaceae,2,net,4,,
25855951,5/9/19,2019-05-09 21:05:00 UTC,825277,sag,https://www.inaturalist.org/observations/25855951,"Selma, OR 97538, USA",42.27841947,-123.6456223,,Josephine,Oregon,United States,Geranium oreganum,Geraniaceae,4,net,6,,
25857752,5/9/19,2019-05-09 19:46:00 UTC,825277,sag,https://www.inaturalist.org/observations/25857752,"Josephine County, OR, USA",42.24670408,-123.6896286,,Josephine,Oregon,United States,Erythranthe guttata,Phrymaceae,1,net,5,,
25859953,5/9/19,2019-05-10 00:33:00 UTC,825277,sag,https://www.inaturalist.org/observations/25859953,"Josephine County, OR, USA",42.28597258,-123.6498566,,Josephine,Oregon,United States,Sisyrinchium bellum,Iridaceae,2,net,7,,
25860204,5/9/19,2019-05-10 00:53:00 UTC,825277,sag,https://www.inaturalist.org/observations/25860204,"Josephine County, OR, USA",42.28970717,-123.6505661,,Josephine,Oregon,United States,Erythranthe guttata,Phrymaceae,2,net,8,,
25860470,5/9/19,2019-05-10 01:34:00 UTC,825277,sag,https://www.inaturalist.org/observations/25860470,"Josephine County, OR, USA",42.284267,-123.650672,,Josephine,Oregon,United States,Phacelia hastata,Boraginaceae,5,net,9,,
25861273,5/10/19,2019-05-10 18:11:00 UTC,825277,sag,https://www.inaturalist.org/observations/25861273,"Josephine County, OR, USA",42.00611494,-123.549263,,Josephine,Oregon,United States,Ceanothus velutinus,Rhamnaceae,1,net,1,,
25861589,5/10/19,2019-05-10 18:19:00 UTC,825277,sag,https://www.inaturalist.org/observations/25861589,"Josephine County, OR, USA",42.00593183,-123.5493088,,Josephine,Oregon,United States,Arctostaphylos manzanita,Ericaceae,2,net,2,,
25861745,5/10/19,2019-05-10 18:52:00 UTC,825277,sag,https://www.inaturalist.org/observations/25861745,"Josephine County, OR, USA",42.00516128,-123.54879,,Josephine,Oregon,United States,,,5,net,3,,
25861963,5/10/19,2019-05-10 19:26:00 UTC,825277,sag,https://www.inaturalist.org/observations/25861963,"Josephine County, OR, USA",42.00444031,-123.5486832,,Josephine,Oregon,United States,Ribes sanguineum,Grossulariaceae,2,net,4,,
25862245,5/10/19,2019-05-10 20:44:00 UTC,825277,sag,https://www.inaturalist.org/observations/25862245,"Josephine County, OR, USA",42.00671767,-123.5484466,,Josephine,Oregon,United States,Arctostaphylos manzanita,Ericaceae,2,net,5,,
25862448,5/10/19,2019-05-10 20:47:00 UTC,825277,sag,https://www.inaturalist.org/observations/25862448,"Josephine County, OR, USA",42.00674056,-123.548378,,Josephine,Oregon,United States,Ribes roezlii,Grossulariaceae,2,net,6,,