id,observed_on,user_id,place_guess,latitude,longitude,place_town_name,place_county_name,place_admin1_name,place_admin2_name,field:flower bee is visiting,field:location name,field:number of bees collected,field:oba collection method,field:oba collector id,field:sample id,field:trap installed,field:trap removed
13726240,6/23/2018,175529,"Polk County, US-OR, US",44.78088984,-123.3891325,,Polk,Oregon,Polk,,,1,net,JLP,44,,
13836236,6/27/2018,175529,"1255 NW Highland Dell Dr, Corvallis, OR, US",44.60285302,-123.2635087,,Benton,Oregon,Benton,,,7,net,JLP,45,,
13843425,6/27/2018,175529,"1255 NW Highland Dell Dr, Corvallis, OR, US",44.60281958,-123.2636229,,Benton,Oregon,Benton,,,8,net,JLP,46,,
13922439,6/30/2018,175529,"1255 NW Highland Dell Dr, Corvallis, OR, US",44.60268233,-123.2642658,,Benton,Oregon,Benton,,,5,net,JLP,47,,
14115388,7/6/2018,175529,"Smith Ln, Corvallis, OR, US",44.565732,-123.240585,,Linn,Oregon,Linn,,OSU Organic Growers Club Garden,6,net,JLP,48,,
14115426,7/6/2018,175529,"Smith Ln, Corvallis, OR, US",44.56573875,-123.2406626,,Linn,Oregon,Linn,,OSU Organic Growers Club garden,4,net,JLP,49,,
14118272,7/6/2018,175529,"Smith Ln Corvallis, OR, US",44.56573875,-123.2405626,,Linn,Oregon,Linn,,OSU Organic Growers Club garden,7,net,JLP,50,,
14141175,7/7/2018,175529,"1255 NW Highland Dell Dr, Corvallis, OR, US",44.60277884,-123.2648611,,Benton,Oregon,Benton,,,2,net,JLP,51,,
14141890,7/7/2018,175529,"1255 NW Highland Dell Dr, Corvallis, OR, US",44.60266112,-123.264699,,Benton,Oregon,Benton,,,2,net,JLP,52,,
14142248,7/7/2018,175529,"1255 NW Highland Dell Dr, Corvallis, OR, US",44.60306705,-123.264633,,Benton,Oregon,Benton,,,2,net,JLP,53,,
14142945,7/7/2018,175529,"1255 NW Highland Dell Dr, Corvallis, OR, US",44.60296446,-123.2648778,,Benton,Oregon,Benton,,,1,net,JLP,54,7/7/2018 13:30,
14170343,7/8/2018,175529,"1599 NW Bonney Dr, Corvallis, OR, US",44.60220372,-123.2665251,,Benton,Oregon,Benton,,,3,net,JLP,55,,
14171054,7/8/2018,175529,"1301–1599 NW Highland Dell Dr, Corvallis, OR, US",44.60211642,-123.2664697,,Benton,Oregon,Benton,,,2,net,JLP,57,,
13987425,6/14/2018,271351,Luckiamute State Natural Area,44.73161,-123.15276,,Polk,Oregon,Polk,,Luckiamute State Natural Area,2,net,JAB,31,,
13987468,6/14/2018,271351,Luckiamute State Natural Area,44.73161,-123.15276,,Polk,Oregon,Polk,,Luckiamute State Natural Area,4,net,JAB,32,,
13987508,6/14/2018,271351,Luckiamute State Natural Area,44.73161,-123.15276,,Polk,Oregon,Polk,,Luckiamute State Natural Area,1,net,JAB,33,,
13988474,6/15/2018,271351,NWREC,45.28177,-122.74948,,Clackamas,Oregon,Clackamas,,NWREC,3,pan trap,jab,34,9:15,11:45
13988253,6/20/2018,271351,Heritage Seeds - Jefferson Farm,44.786746,-123.016869,,Marion,Oregon,Marion,,Heritage Seeds - Jefferson Farm,6,net,JAB,35,,
13989271,6/22/2018,271351,Near Hampton,43.57966,-120.02146,,Lake,Oregon,Lake,,Near Hampton,1,net,JAB,36,,
13989528,6/22/2018,271351,Near Chickahominy Reservoir,43.55196,-119.62032,,Harney,Oregon,Harney,,Near Chickahominy Reservoir,3,net,JAB,37,,
13989856,6/23/2018,271351,Near Idlewild Campground,43.9971,-118.99174,,Grant,Oregon,Grant,,Near Idlewild Campground,11,net,JAB,38,,
13989929,6/23/2018,271351,Near Idlewild Campground,43.9971,-118.99174,,Grant,Oregon,Grant,,Near Idlewild Campground,11,pan trap,JAB,39,,
13990150,6/23/2018,271351,Near Idlewild Campground ,43.9971,-118.99174,,Grant,Oregon,Grant,,near Idlewild Campground,3,net,JAB,40,,
13991949,6/25/2018,271351,Off South Steens Rd.,42.770211,-118.744515,,Harney,Oregon,Harney,,Off South Steens Rd.,3,net,JAB,41,,
13992002,6/25/2018,271351,Off South Steens Rd.,42.770211,-118.744515,,Harney,Oregon,Harney,,Off South Steens Mt. Rd.,4,net,JAB,42,,
13992409,6/25/2018,271351,Near Blitzen River,42.63839,-118.76425,,Harney,Oregon,Harney,,Near Blitzen Rv.,4,net,JAB,43,,
13992541,6/26/2018,271351,Sage hen hill trail at rest area,43.53224,-119.32041,,Harney,Oregon,Harney,,Sage Hen Hill Trail at rest area,3,net,JAB,44,,
13986772,6/14/2018,271351,Luckiamute State Natural Area,44.73161,-123.15276,,Polk,Oregon,Polk,,Luckiamute State Natural Area,6,net,TER,53,,
13986899,6/14/2018,271351,Luckiamute State Natural Area,44.73161,-123.15276,,Polk,Oregon,Polk,,Luckiamute State Natural Area,1,net,TER,54,,
13987309,6/14/2018,271351,Luckiamute State Natural Area,44.73161,-123.15276,,Polk,Oregon,Polk,,Luckiamute State Natural Area,1,net,TER,55,,
13988088,6/20/2018,271351,Heritage Seeds - Jefferson Farm,44.786746,-123.016869,,Marion,Oregon,Marion,,Heritage Seeds - Jefferson Farm,2,net,TER,56,,
13988190,6/20/2018,271351,Heritage Seeds - Jefferson Farm,44.786746,-123.016869,,Marion,Oregon,Marion,,Heritage Seeds -Jefferson Farm,3,net,TER,57,,
13988913,6/20/2018,271351,Near Ankeny NWR,44.76802,-123.07394,,Marion,Oregon,Marion,,Near Ankeny NWR,4,net,TER,58,,
13989233,6/22/2018,271351,Near Hampton,43.57966,-120.02146,,Lake,Oregon,Lake,,Near Hampton,5,net,TER,59,,
13989393,6/22/2018,271351,Near Chickahominy Reservoir,43.55196,-119.62032,,Harney,Oregon,Harney,,Near Chickahominy,1,net,TER,60,,
13989486,6/22/2018,271351,Near Chickahominy Reservoir,43.55196,-119.62032,,Harney,Oregon,Harney,,Near Chickahominy Reservoir,1,net,TER,61,,
13989582,6/23/2018,271351,Near Idlewild Campground,43.9971,-118.99174,,Grant,Oregon,Grant,,Near Idlewild Campground,9,net,TER,62,,
13989641,6/23/2018,271351,Near Idlewild Campground,43.9971,-118.99174,,Grant,Oregon,Grant,,Near Idlewild Campground,3,net,TER,63,,
13989697,6/23/2018,271351,Near Idlewild Campground,43.9971,-118.99174,,Grant,Oregon,Grant,,Near Idlewild Campground,3,net,TER,64,,
13990342,6/23/2018,271351,Forest Service Rd. 3140,43.92196,-119.03603,,Harney,Oregon,Harney,,FS Rd. 3140,2,net,TER,65,,
13990494,6/25/2018,271351,Near Krumbow Lake Turnoff HW 205,42.97167,-118.86815,,Harney,Oregon,Harney,,Near Krumbow Lake Turnoff HW 205,28,vane trap,TER,66,6/24/2018 14:45,6/25/2018 17:25
13990538,6/24/2018,271351,Near Borax Lake,42.32737,-118.61018,,Harney,Oregon,Harney,,Near Borax Lake,3,net,TER,67,,
13991780,6/25/2018,271351,On South Steens Rd.,42.770211,-118.744515,,Harney,Oregon,Harney,,On South Steens Rd.,8,net,TER,68,,
13992106,6/25/2018,271351,Off South Steens Rd. Near Unnamed Lake,42.73891,-118.63927,,Harney,Oregon,Harney,,Off South Steens Rd. Near unnamed Lake,13,net,TER,69,,
14061839,6/16/2018,384451,"Oregon, Gresham, Headwater Farm",45.464972,-122.367553,,Multnomah,Oregon,Multnomah,,"Oregon, Gresham, Headwater Farm",2,net,DRB,22,,
14062219,6/19/2018,384451,"Oregon, Clatsop County, Warrenton, Camp Kiwanilong",46.160038,-123.951226,,Clatsop,Oregon,Clatsop,,"Oregon, Clatsop Co, Warrenton, Camp Kiwanilong",3,net,DRB,23,,
14062277,6/19/2018,384451,"Oregon, Clatsop County, Warrenton, Camp Kiwanilong",46.159849,-123.951671,,Clatsop,Oregon,Clatsop,,"Oregon, Clatsop Co, Warrenton, Camp Kiwanilong",2,net,DRB,24,,
14062343,6/19/2018,384451,"Oregon, Clatsop County, Warrenton, Camp Kiwanilong",46.159849,-123.951671,,Clatsop,Oregon,Clatsop,,"Oregon, Clatsop Co, Warrenton, Camp Kiwanilong",5,net,DRB,25,,
14062583,6/19/2018,384451,"Oregon, Clatsop County, Warrenton, Camp Kiwanilong",46.159849,-123.951671,,Clatsop,Oregon,Clatsop,,"Oregon, Clatsop Co, Warrenton, Camp Kiwanilong",8,net,DRB,26,,
14062642,6/19/2018,384451,"Oregon, Clatsop County, Warrenton, Camp Kiwanilong",46.159849,-123.951671,,Clatsop,Oregon,Clatsop,,"Oregon, Clatsop Co, Warrenton, Camp Kiwanilong",2,net,DRB,27,,
14062718,6/19/2018,384451,"Oregon, Clatsop County, Warrenton, Camp Kiwanilong",46.159849,-123.951671,,Clatsop,Oregon,Clatsop,,"Oregon, Clatsop Co, Warrenton, Camp Kiwanilong",1,net,DRB,28,,
14062771,6/19/2018,384451,"Oregon, Clatsop County, Warrenton, Camp Kiwanilong",46.159849,-123.951671,,Clatsop,Oregon,Clatsop,,"Oregon, Clatsop Co, Warrenton, Camp Kiwanilong",2,net,DRB,29,,
14062851,6/19/2018,384451,"Oregon, Clatsop County, Warrenton, Camp Kiwanilong",46.159849,-123.951671,,Clatsop,Oregon,Clatsop,,"Oregon, Clatsop Co, Warrenton, Camp Kiwanilong",1,net,DRB,30,,
14063021,6/26/2018,384451,"Oregon, St Helens, Fairgrounds, Demo Garden",45.848995,-122.86927,,Columbia,Oregon,Columbia,,"Oregon, St. Helens, Fairgrounds, Demo Garden",1,net,DRB,31,,
14063089,6/26/2018,384451,"Oregon, St Helens, Fairgrounds, Demo Garden",45.848991,-122.869367,,Columbia,Oregon,Columbia,,"Oregon, St. Helens, Fairgrounds, Demo Garden",1,net,DRB,31,,
14063144,6/26/2018,384451,"Oregon, St Helens, Fairgrounds, Demo Garden",45.848991,-122.869367,,Columbia,Oregon,Columbia,,"Oregon, St. Helens, Fairgrounds, Demo Garden",1,net,DRB,32,,
14063182,6/26/2018,384451,"Oregon, St Helens, Fairgrounds, Demo Garden",45.848991,-122.869367,,Columbia,Oregon,Columbia,,"Oregon, St. Helens, Fairgrounds, Demo Garden",1,net,DRB,33,,
14063220,6/26/2018,384451,"Oregon, St Helens, Fairgrounds, Demo Garden",45.848991,-122.869367,,Columbia,Oregon,Columbia,,"Oregon, St. Helens, Fairgrounds, Demo Garden",2,net,DRB,34,,
14063249,6/26/2018,384451,"Oregon, St Helens, Fairgrounds, Demo Garden",45.848991,-122.869367,,Columbia,Oregon,Columbia,,"Oregon, St. Helens, Fairgrounds, Demo Garden",3,net,DRB,35,,
14063300,6/26/2018,384451,"Oregon, St Helens, Fairgrounds, Demo Garden",45.848991,-122.869367,,Columbia,Oregon,Columbia,,"Oregon, St. Helens, Fairgrounds, Demo Garden",1,net,DRB,36,,
14063329,6/26/2018,384451,"Oregon, St Helens, Fairgrounds, Demo Garden",45.848991,-122.869367,,Columbia,Oregon,Columbia,,"Oregon, St. Helens, Fairgrounds, Demo Garden",4,net,DRB,37,,
14063365,6/26/2018,384451,"Oregon, St Helens, Fairgrounds, Demo Garden",45.848991,-122.869367,,Columbia,Oregon,Columbia,,"Oregon, St. Helens, Fairgrounds, Demo Garden",1,net,DRB,38,,
14063381,6/26/2018,384451,"Oregon, St Helens, Fairgrounds, Demo Garden",45.848991,-122.869367,,Columbia,Oregon,Columbia,,"Oregon, St. Helens, Fairgrounds, Demo Garden",1,net,DRB,39,,
13670613,6/22/2018,429964,"Lane County, US-OR, US",43.69682915,-122.2659848,,Lane,Oregon,Lane,,,0,pan trap,apm,22vi-1,2018-06-22T07:09:00-07:00,
13670640,6/22/2018,429964,"Lane County, US-OR, US",43.61924326,-122.1086463,,Lane,Oregon,Lane,,,0,pan trap,apm,22vi2,2018-06-22T07:40:00-07:00,2018-06-22T19:18:00-07:00
13670692,6/22/2018,429964,"Crescent, OR 97733, USA",43.5502238,-121.9507267,,Klamath,Oregon,Klamath,,,0,pan trap,apm,22vi3,2018-06-22T08:04:00-07:00,2018-06-22T18:58:00-07:00
13670700,6/22/2018,429964,"Klamath County, US-OR, US",43.47261325,-121.8927594,,Klamath,Oregon,Klamath,,,0,pan trap,apm,22vi4,2018-06-22T08:18:00-07:00,2018-06-22T18:39:00-07:00
13679921,6/22/2018,429964,"Klamath County, US-OR, US",43.33986565,-121.7652458,,Klamath,Oregon,Klamath,,,0,pan trap,apm,22vi6,2018-06-22T08:47:00-07:00,
13685289,6/22/2018,429964,"28900 The Dalles-California Hwy, Chiloquin, OR 97624, USA",42.48851537,-121.8768645,,Klamath,Oregon,Klamath,,,7,net,apm,22vi7,,
13722414,6/22/2018,429964,"Lane County, US-OR, US",43.69662224,-122.2661554,,Lane,Oregon,Lane,,,5,net,apm,22vi8,,
13753464,6/23/2018,429964,"NF-830, Sisters, OR 97759, USA",44.42427151,-121.918275,,Linn,Oregon,Linn,,,0,pan trap,apm,23vi2,2018-06-23T18:48:00-07:00,
13753484,6/23/2018,429964,"US-20, Sisters, OR 97759, USA",44.36373972,-121.6168436,,Deschutes,Oregon,Deschutes,,,0,pan trap,apm,23vi3,2018-06-23T19:20:00-07:00,
13409117,6/13/2018,754260,"3334 NW Covey Run, Corvallis, OR 97330, US",44.59944426,-123.3156,,Benton,Oregon,Benton,,backyard,1,net,EW,71,,
13418412,6/13/2018,754260,"6613 SW West Hills Rd, Corvallis, OR 97333, USA",44.558053,-123.327448,,Benton,Oregon,Benton,,Barb's garage,6,net,EW,72,,
13525467,6/17/2018,754260,"33-5-10 Rd, Wolf Creek, OR 97497, USA",42.69140378,-123.2612434,,Josephine,Oregon,Josephine,,"King Mtn, Speaker Rd 9 mi east of intersection with I5",1,net,EW,73,,
13525667,6/17/2018,754260,"33-5-10 Rd, Wolf Creek, OR 97497, USA",42.69135409,-123.261503,,Josephine,Oregon,Josephine,,"King Mtn, Speaker Rd 9 mi east of intersection with I5",1,net,EW,74,,
13563197,6/18/2018,754260,"3334 NW Covey Run, Corvallis, OR 97330, USA",44.59931472,-123.3159857,,Benton,Oregon,Benton,,backyard,4,net,EW,75,,
13592550,6/19/2018,754260,"Oregon, US",44.44101218,-123.2048679,,Benton,Oregon,Benton,,backyard,6,net,EW,76,,
13595957,6/19/2018,754260,"3334 NW Covey Run, Corvallis, OR 97330, USA",44.59893408,-123.3155327,,Benton,Oregon,Benton,,backyard,10,net,EW,77,,
13649964,6/21/2018,754260,"3334 NW Covey Run, Corvallis, OR 97330, USA",44.59916879,-123.3147497,,Benton,Oregon,Benton,,backyard,6,net,EW,78,,
13725166,6/23/2018,754260,"3334 NW Covey Run, Corvallis, OR 97330, USA",44.59936554,-123.3160518,,Benton,Oregon,Benton,,backyard,1,net,EW,79,,
13726902,6/23/2018,754260,"3334 NW Covey Run, Corvallis, OR 97330, USA",44.599179,-123.315023,,Benton,Oregon,Benton,,backyard,1,net,EW,80,,
13808612,6/26/2018,754260,"2800 NW 29th St, Corvallis, OR 97330, USA",44.59367993,-123.2865935,,Benton,Oregon,Benton,,"Hidden Creek, Unit 21",1,net,EW,81,,
13823897,6/26/2018,754260,"3334 NW Covey Run, Corvallis, OR 97330, USA",44.59925785,-123.3150099,,Benton,Oregon,Benton,,backyard,6,net,EW,82,,
13823900,6/26/2018,754260,"3334 NW Covey Run, Corvallis, OR 97330, USA",44.59927595,-123.3150166,,Benton,Oregon,Benton,,backyard,6,net,EW,83,,
13841502,6/27/2018,754260,"Oregon, US",44.41367541,-123.2868069,,Benton,Oregon,Benton,,backyard,4,net,EW,84,,
13843602,6/27/2018,754260,"3334 NW Covey Run, Corvallis, OR 97330, USA",44.59888543,-123.3150059,,Benton,Oregon,Benton,,backyard,1,net,EW,85,,
13854812,6/27/2018,754260,"3334 NW Covey Run, Corvallis, OR 97330, USA",44.59891774,-123.3148811,,Benton,Oregon,Benton,,backyard,6,net,EW,86,,
13870056,6/28/2018,754260,"3334 NW Covey Run, Corvallis, OR 97330, USA",44.59924684,-123.3150425,,Benton,Oregon,Benton,,backyard,4,net,EW,87,,
13880594,6/28/2018,754260,"3334 NW Covey Run, Corvallis, OR 97330, USA",44.59916455,-123.3152644,,Benton,Oregon,Benton,,backyard,1,net,EW,88,,
13968156,7/1/2018,754260,"Hart Mountain National Antelope Refuge, Lake County, US-OR, US",42.57709808,-119.7175222,,Lake,Oregon,Lake,,"Warner Valley Overlook, Hart Mtn Rd",8,net,EW,89,,
13982749,7/1/2018,754260,"Hart Mountain National Antelope Refuge, Lake County, US-OR, US",42.63981159,-119.5008373,,Lake,Oregon,Lake,,"Hart Mt-Frenchglen Rd, 1.5 mi NE of intersection with Flook Knoll Rd",4,net,EW,90,,
13990073,7/2/2018,754260,"14860 McKenzie Hwy, Sisters, OR 97759, USA",44.30207556,-121.6030209,,Deschutes,Oregon,Deschutes,,"McKenzie Hwy 242, 2.2 mi W of intersection with Hwy 20",2,net,EW,91,,
13991366,7/2/2018,754260,"14860 McKenzie Hwy, Sisters, OR 97759, USA",44.30180152,-121.6036707,,Deschutes,Oregon,Deschutes,,"McKenzie Hwy 242, 2.2 mi W of intersection with Hwy 20",1,net,EW,92,,
13991608,7/2/2018,754260,"14860 McKenzie Hwy, Sisters, OR 97759, USA",44.30173097,-121.6035866,,Deschutes,Oregon,Deschutes,,"McKenzie Hwy 242, 2.2 mi W of intersection with Hwy 20",1,net,EW,93,,
14006710,7/2/2018,754260,"Linn County, US-OR, US",44.25896675,-121.8120922,,Linn,Oregon,Linn,,"McKenzie Hwy 242, .7 mi west of McKenzie Summit",4,net,EW,94,,
14006715,7/2/2018,754260,"Linn County, US-OR, US",44.25902121,-121.8119644,,Linn,Oregon,Linn,,"McKenzie Hwy 242, .7 mi west of McKenzie Summit",3,net,EW,95,,
14006722,7/2/2018,754260,"NF-2676, Sisters, OR 97759, USA",44.43221466,-121.9590762,,Linn,Oregon,Linn,,"Little Nash Sno-Park, intersection of Santiam Hwy 20 and forest road 2676",1,net,EW,96,,
14006730,7/2/2018,754260,"Linn County, US-OR, US",44.40445943,-122.0747542,,Linn,Oregon,Linn,,"Lost Prairie on Santiam Hwy 20, 4.1 mi W of intersection with OR-126",4,net,EW,97,,
14113501,7/6/2018,754260,"NE Smith Ln, Corvallis, OR 97333, USA",44.56567009,-123.2406255,,Linn,Oregon,Linn,,ORGS student farm,3,net,EW,98,,
14113834,7/6/2018,754260,"NE Smith Ln, Corvallis, OR 97333, USA",44.5656917,-123.2406644,,Linn,Oregon,Linn,,ORGS student farm,2,net,EW,99,,
14113996,7/6/2018,754260,"NE Smith Ln, Corvallis, OR 97333, USA",44.56559808,-123.2406259,,Linn,Oregon,Linn,,ORGS student farm,1,net,EW,100,,
14116594,7/6/2018,754260,"NE Smith Ln, Corvallis, OR 97333, USA",44.56563303,-123.2407552,,Linn,Oregon,Linn,,ORGS student farm,1,net,EW,101,,
14116700,7/6/2018,754260,"NE Smith Ln, Corvallis, OR 97333, USA",44.56572623,-123.2407623,,Linn,Oregon,Linn,,ORGS student farm,5,net,EW,102,,
14116721,7/6/2018,754260,"NE Smith Ln, Corvallis, OR 97333, USA",44.56575224,-123.2407603,,Linn,Oregon,Linn,,ORGS student farm,5,net,EW,103,,
14119034,7/6/2018,754260,"NE Smith Ln, Corvallis, OR 97333, USA",44.56579431,-123.2410911,,Linn,Oregon,Linn,,ORGS student farm,1,net,EW,104,,
14146448,7/7/2018,754260,"3334 NW Covey Run, Corvallis, OR 97330, USA",44.59934006,-123.3149395,,Benton,Oregon,Benton,,backyard,2,net,EW,105,,
14147216,7/7/2018,754260,"3334 NW Covey Run, Corvallis, OR 97330, USA",44.59946374,-123.3152593,,Benton,Oregon,Benton,,backyard,8,net,EW,106,,
14148296,7/7/2018,754260,"3334 NW Covey Run, Corvallis, OR 97330, USA",44.59937253,-123.3156018,,Benton,Oregon,Benton,,backyard,1,net,EW,107,,
14149346,7/7/2018,754260,"3334 NW Covey Run, Corvallis, OR 97330, USA",44.59901748,-123.3154593,,Benton,Oregon,Benton,,backyard,2,net,EW,108,,
14169493,7/7/2018,754260,"3334 NW Covey Run, Corvallis, OR 97330, USA",44.59880096,-123.3152306,,Benton,Oregon,Benton,,backyard,3,net,EW,109,,
14169514,7/7/2018,754260,"3334 NW Covey Run, Corvallis, OR 97330, USA",44.59886031,-123.315856,,Benton,Oregon,Benton,,backyard,1,net,EW,110,,
13629511,6/20/2018,792083,"2895 Cloverdale Dr SE, Turner, OR, US",44.81778333,-123.0015194,,Marion,Oregon,Marion,,"Horses of Hope, Turner Oregon,",6,net,KDZ,19,,
13747297,6/23/2018,792083,"142 NW 1st St, Corvallis, OR, US",44.56442167,-123.2585667,,Benton,Oregon,Benton,,"Downtown Corvallis, farmers market blocks along riverbank",5,net,KDZ,21,,
13849672,6/27/2018,792083,"Smith Ln, Corvallis, OR, US",44.5657,-123.2406783,,Linn,Oregon,Linn,,ORGS student farm,13,net,KDZ,22,,
13900247,7/2/2018,792083,"Smith Ln, Corvallis, OR, US",44.5657,-123.2406783,,Linn,Oregon,Linn,,ORGS student farm,7,net,KDZ,23,,
13376761,6/12/2018,792083,"Smith Ln, Corvallis, OR, US",44.56577982,-123.2406913,,Linn,Oregon,Linn,,,,net,,,,
13774891,6/25/2018,792468,"97111, Carlton, OR, US",45.28833698,-123.1719141,,Yamhill,Oregon,Yamhill,,Dayton Winter's Hill Estate,1,net,Mol,200,,
13775275,6/25/2018,792468,"6451 NE Hilltop Ln, Dayton, OR, US",45.25814989,-123.0745776,,Yamhill,Oregon,Yamhill,,Dayton Winter's Hill Estate,1,net,Mol,201,,
13775475,6/25/2018,792468,"6451 NE Hilltop Ln, Dayton, OR, US",45.25819377,-123.07445,,Yamhill,Oregon,Yamhill,,Dayton Winter's Hill Estate,2,net,Mol,202,,
13776802,6/25/2018,792468,"6451 NE Hilltop Ln, Dayton, OR, US",45.25801355,-123.0740983,,Yamhill,Oregon,Yamhill,,Dayton Winter's Hill Estate,2,net,Mol,203,,
13777137,6/25/2018,792468,"13180 NE Stoller Rd, Dayton, OR, US",45.25797386,-123.0745842,,Yamhill,Oregon,Yamhill,,Dayton Winter's Hill Estate,1,net,Mol,204,,
13607733,6/19/2018,792775,"17701 Gopher Valley Rd, Sheridan, OR 97378, USA",45.1338823,-123.372975,,Yamhill,Oregon,Yamhill,,j,1,net,dto,dto33,,
13607742,6/19/2018,792775,"17701 Gopher Valley Rd, Sheridan, OR 97378, USA",45.133817,-123.3729245,,Yamhill,Oregon,Yamhill,,j,1,net,dto,dto34,,
13607750,6/19/2018,792775,"17701 Gopher Valley Rd, Sheridan, OR 97378, USA",45.1338823,-123.372975,,Yamhill,Oregon,Yamhill,,j,1,net,dto,dto35,,
13607752,6/19/2018,792775,"17701 Gopher Valley Rd, Sheridan, OR 97378, USA",45.133817,-123.3729245,,Yamhill,Oregon,Yamhill,,j,1,net,dto,dto36,,
13958184,6/14/2018,793138,Rolling Hills Rd,44.759065,-123.232464,,Polk,Oregon,Polk,,,1,net,PW,71,,
13958230,6/16/2018,793138,TFO,44.711711,-123.365616,,Benton,Oregon,Benton,,,1,net,PW,72,,
13967470,6/16/2018,793138,RHR,44.759065,-123.232464,,Polk,Oregon,Polk,,,9,net,PW,73,,
13967546,6/16/2018,793138,TFO,44.711711,-123.365616,,Benton,Oregon,Benton,,,1,net,PW,74,,
13967576,6/17/2018,793138,TFO,44.711711,-123.365616,,Benton,Oregon,Benton,,,2,net,PW,75,,
13967609,6/17/2018,793138,TFO,44.711711,-123.365616,,Benton,Oregon,Benton,,,1,net,PW,76,,
13967753,6/19/2018,793138,RHR,44.759065,-123.232464,,Polk,Oregon,Polk,,,11,pan trap,PW,77,6/18/2018 8:15,6/19/2018 11:16
13967921,6/19/2018,793138,RHR,44.759065,-123.232464,,Polk,Oregon,Polk,,,1,pan trap,PW,78,6/18/2018 8:15,6/19/2018 16:10
13968034,6/20/2018,793138,RHR,44.759065,-123.232464,,Polk,Oregon,Polk,,,6,net,PW,79,,
13968118,6/20/2018,793138,RHR,44.759065,-123.232464,,Polk,Oregon,Polk,,,5,net,PW,80,,
13968262,6/22/2018,793138,TFO,44.711711,-123.365616,,Benton,Oregon,Benton,,,1,net,PW,81,,
13968391,6/22/2018,793138,TFO,44.711711,-123.365616,,Benton,Oregon,Benton,,,1,net,PW,82,,
13968418,6/22/2018,793138,TFO,44.711711,-123.365616,,Benton,Oregon,Benton,,,2,net,PW,83,,
13968470,6/23/2018,793138,TFO,44.711711,-123.365616,,Benton,Oregon,Benton,,,1,net,PW,84,,
13968488,6/24/2018,793138,TFO,44.711711,-123.365616,,Benton,Oregon,Benton,,,3,net,PW,85,,
13968552,6/30/2018,793138,RHR,44.759065,-123.232464,,Polk,Oregon,Polk,,,4,net,PW,86,,
13428613,6/14/2018,800960,"41010 SE Louden Rd, Corbett, OR, US",45.50343,-122.2409283,,Multnomah,Oregon,Multnomah,,Louden rd Corbett or,1,net,Pa,26,,
13431447,6/14/2018,800960,"41010 SE Louden Rd, Corbett, OR, US",45.5031752,-122.241126,,Multnomah,Oregon,Multnomah,,,0,net,Pa,26,,
13431825,6/14/2018,800960,"41010 SE Louden Rd, Corbett, OR, US",45.50372833,-122.2407133,,Multnomah,Oregon,Multnomah,,Louden rd Corbett or,0,net,Pa,26,,
13456829,6/15/2018,800960,"8633 Mosier the Dalles Hwy, Mosier, OR, US",45.68747833,-121.3857717,,Wasco,Oregon,Wasco,,,3,net,A,26,,
13432209,6/14/2018,800960,"41010 SE Louden Rd, Corbett, OR, US",45.50318326,-122.241086,,Multnomah,Oregon,Multnomah,,,0,net,Pa,27,,
13492793,6/15/2018,800960,"8633 Mosier the Dalles Hwy, Mosier, OR, US",45.68747833,-121.3857717,,Wasco,Oregon,Wasco,,,1,net,Pa,27,,
13492644,6/15/2018,800960,"8633 Mosier the Dalles Hwy, Mosier, OR, US",45.68759167,-121.3857583,,Wasco,Oregon,Wasco,,,3,net,Pa,28,,
13492760,6/15/2018,800960,"8635 Mosier the Dalles Hwy, Mosier, OR, US",45.684025,-121.3859867,,Wasco,Oregon,Wasco,,,2,net,Pa,29,,
13549848,6/17/2018,800960,"41010 SE Louden Rd, Corbett, OR, US",45.50316317,-122.2410701,,Multnomah,Oregon,Multnomah,,,0,net,Pa,35,,
13431213,6/14/2018,806535,"731 NE 7th St, Newport, OR 97365, USA",44.64088596,-124.0432884,,Lincoln,Oregon,Lincoln,,newport,2,net,rah,10,,
13585053,6/19/2018,816767,"17701 SW Gopher Valley Rd, Sheridan, OR, US",45.13367019,-123.3727981,,Yamhill,Oregon,Yamhill,,gvr yard,2,net,jt,43,,
13585198,6/19/2018,816767,"17701 SW Gopher Valley Rd, Sheridan, OR, US",45.13382199,-123.3727895,,Yamhill,Oregon,Yamhill,,gvr yard,1,net,jt,44,,
13585503,6/19/2018,816767,"17701 SW Gopher Valley Rd, Sheridan, OR, US",45.13392496,-123.3733902,,Yamhill,Oregon,Yamhill,,gvr gdn,6,net,jt,45,,
13586232,6/19/2018,816767,"17701 SW Gopher Valley Rd, Sheridan, OR, US",45.13390174,-123.3734147,,Yamhill,Oregon,Yamhill,,gvr gdn,3,net,jt,46,,
13586402,6/19/2018,816767,"17701 SW Gopher Valley Rd, Sheridan, OR, US",45.13375091,-123.3734419,,Yamhill,Oregon,Yamhill,,gvr gdn,1,net,jt,47,,
13384029,6/12/2018,818691,"Alton Baker Park, Eugene, OR, US",44.05638883,-123.0817112,,Lane,Oregon,Lane,,Alton Baker Rock Garden,13,net,LD,30,,
13570987,6/17/2018,818691,"Umpqua River, Oakland, OR, US",43.47604667,-123.551405,,Douglas,Oregon,Douglas,,Umpqua River,4,net,LD,31,,
13571065,6/17/2018,818691,"Oakland, OR  97462, Oakland, OR, US",43.47678333,-123.551705,,Douglas,Oregon,Douglas,,Umpqua River,13,net,LD,32,,
13571119,6/17/2018,818691,"Oakland, OR  97462, Oakland, OR, US",43.47675833,-123.5501633,,Douglas,Oregon,Douglas,,Umpqua River,2,net,LD,33,,
13772383,6/24/2018,818691,"Alton Baker Park, Eugene, OR, US",44.047,-123.0531778,,Lane,Oregon,Lane,,Whilamut Natural Area restoration site.,20,net,LD,34,,
14093130,6/30/2018,818691,"Neptune State Park, Yachats, OR, US",44.2699,-124.1084138,,Lane,Oregon,Lane,,Neptune beach meadow by parking area,3,net,LD,35,,
13377387,6/12/2018,823959,"85701 Scharen Rd, Eugene, OR, US",43.98981588,-123.0335822,,Lane,Oregon,Lane,,,3,net,NES,8,,
13377713,6/12/2018,823959,"85701 Scharen Rd, Eugene, OR, US",43.98986475,-123.0320865,,Lane,Oregon,Lane,,,4,net,NES,9,,
13776057,6/25/2018,831425,"6451 NE Hilltop Ln, Dayton, OR, US",45.25836617,-123.0745211,,Yamhill,Oregon,Yamhill,,Winters hill,3,net,Pef,14,,
13776315,6/25/2018,831425,"6451 NE Hilltop Ln, Dayton, OR, US",45.2581262,-123.0742369,,Yamhill,Oregon,Yamhill,,Winters hill,1,net,Pef,15,,
13777130,6/25/2018,831425,"6451 NE Hilltop Ln, Dayton, OR, US",45.2581158,-123.0742924,,Yamhill,Oregon,Yamhill,,Winter hill,2,net,Pef,16,,
13777259,6/25/2018,831425,"6451 NE Hilltop Ln, Dayton, OR, US",45.25803567,-123.0745504,,Yamhill,Oregon,Yamhill,,Winters hill,1,net,Pef,18,,
13777743,6/25/2018,831425,"6451 NE Hilltop Ln, Dayton, OR, US",45.25819472,-123.0744795,,Yamhill,Oregon,Yamhill,,Winters hill,1,net,Pef,19,,
13777866,6/25/2018,831425,"6451 NE Hilltop Ln, Dayton, OR, US",45.25823265,-123.0744076,,Yamhill,Oregon,Yamhill,,Winters hill,1,net,Pef,20,,
13386925,6/12/2018,841568,"Lane County, OR, USA",43.9889,-123.0355,,Lane,Oregon,Lane,,"Eugene, 4 miles southeast of.",2,net,LOH,31,,
13386975,6/12/2018,841568,"Lane County, OR, USA",43.9898,-123.0325,,Lane,Oregon,Lane,,"Eugene, 4 miles southeast of.",7,net,LOH,32,,
13387045,6/12/2018,841568,"Lane County, OR, USA",43.9898,-123.0325,,Lane,Oregon,Lane,,"Eugene, 4 miles southeast of.",5,net,LOH,33,,
13633732,6/19/2018,841568,"Lane County, OR, USA",43.9899,-123.0345,,Lane,Oregon,Lane,,"Eugene, 4 miles southeast of.",8,net,LOH,34,,
13633797,6/19/2018,841568,"Lane County, OR, USA",44.0071,-123.0359,,Lane,Oregon,Lane,,"Eugene, Oregon",6,net,LOH,35,,
13633855,6/19/2018,841568,"Lane County, OR, USA",44.0071,-123.0359,,Lane,Oregon,Lane,,"Eugene, Oregon",7,net,LOH,36,,
13633952,6/20/2018,841568,"Lane County, OR, USA",43.9896,-123.0331,,Lane,Oregon,Lane,,"Eugene, 4 miles southeast of.",6,net,LOH,37,,
13839711,6/20/2018,843723,Wallowa Co. Zumwalt-Buckhorn Road #697,45.4881166,-117.0479,,Wallowa,Oregon,Wallowa,,Wallowa Co. Zumwalt-Buckhorn Road #697,2,net,GP,67,,
13839751,6/20/2018,843723,Wallowa Co. Zumwalt-Buckhorn Road #697,45.4881166,-117.0479,,Wallowa,Oregon,Wallowa,,Wallowa Co. Zumwalt-Buckhorn Road #697,2,net,GP,68,,
13839808,6/20/2018,843723,Wallowa Co. Road #46,45.7424,-116.8444,,Wallowa,Oregon,Wallowa,,Wallowa Co. Road #46,5,net,GP,69,,
13788396,6/20/2018,843723,"Oregon, Wallowa Co., Buckhorn Rd. ",44.488116,-117.0479,,Washington,Idaho,Washington,,"Wallowa Co., Buckhorn Rd. Zumwalt Prairie road shoulder",10,net,RLP,70,,
13839891,6/20/2018,843723,Wallowa Co. Road #46,45.7424,-116.8444,,Wallowa,Oregon,Wallowa,,Wallowa Co. Road #46,1,net,GP,70,,
13788822,6/20/2018,843723,"Oregon,Wallowa Co. Buckhorn Summit Rd",45.4881166,-117.0479,,Wallowa,Oregon,Wallowa,,"Oregon, Wallowa County, Buckhorn Summit",4,net,RLP,71,,
13839962,6/21/2018,843723,Wallowa Co. Buckhorn Overlook,45.75788,-116.8248,,Wallowa,Oregon,Wallowa,,Wallowa Co. Buckhorn Overlook,4,net,GP,71,,
13840069,6/21/2018,843723,Wallowa Co. Buckhorn Overlook,45.75788,-116.8248,,Wallowa,Oregon,Wallowa,,Wallowa Co. Buckhorn Overlook,1,net,GP,72,,
13788928,6/20/2018,843723,"Oregon,Wallowa Co. Buckhorn Summit Rd",45.4881166,-117.0479,,Wallowa,Oregon,Wallowa,,"Oregon, Wallowa County, Buckhorn Summit",1,net,RLP,73,,
13840142,6/21/2018,843723,Wallowa Co. Buckhorn Overlook,45.75788,-116.8248,,Wallowa,Oregon,Wallowa,,Wallowa Co. Buckhorn Overlook,1,net,GP,73,,
13789093,6/21/2018,843723,"Oregon,Wallowa Co. Buckhorn Summit Parking AreaRd",45.75788,-116.8248,,Wallowa,Oregon,Wallowa,,"Oregon, Wallowa County, Buckhorn Summit",1,net,RLP,74,,
13840197,6/21/2018,843723,"Wallowa Co. Rd. 46, between Buckhorn CG and Zumwalt Prairie",45.75788,-116.8248,,Wallowa,Oregon,Wallowa,,"Wallowa Co. Rd. 46, between Buckhorn CG and Zumwalt Prairie",2,net,GP,74,,
13801057,6/21/2018,843723,"Oregon,Wallowa Co. Buckhorn Summit Parking AreaRd",45.754028,-116.82377,,Wallowa,Oregon,Wallowa,,"Wallowa Co., Buckhorn Summit Parking area",3,net,RLP,75,,
13840283,6/21/2018,843723,"Wallowa Co. Rd. 46, between Buckhorn CG and Zumwalt Prairie",45.72026,-116.8735,,Wallowa,Oregon,Wallowa,,"Wallowa Co. Rd. 46, between Buckhorn CG and Zumwalt Prairie",1,net,GP,75,,
13801215,6/21/2018,843723,"Oregon,Wallowa Co. Buckhorn Summit Parking AreaRd",45.753958,-116.82371,,Wallowa,Oregon,Wallowa,,"Wallowa Co., Buckhorn Summit Parking area",2,net,RLP,76,,
13840335,6/21/2018,843723,Wallowa Co. Zumwalt Rd. ,45.5559,-116.9985,,Wallowa,Oregon,Wallowa,,Wallowa Co. Zumwalt Rd.,2,net,GP,76,,
13840374,6/21/2018,843723,Wallowa Co. Lostine Rd. ,45.4123,-117.4248,,Wallowa,Oregon,Wallowa,,Wallowa Co. Lostine Rd.,2,net,GP,77,,
13801278,6/21/2018,843723,"Oregon,Wallowa Co. Buckhorn Summit Parking AreaRd",45.753958,-116.82371,,Wallowa,Oregon,Wallowa,,"Wallowa Co., Buckhorn Summit Parking area",2,net,RLP,78,,
13840393,6/21/2018,843723,Wallowa Co. Lostine Rd. ,45.4123,-117.4248,,Wallowa,Oregon,Wallowa,,Wallowa Co. Lostine Rd.,2,net,GP,78,,
13801680,6/21/2018,843723,"Oregon,Wallowa Co. Buckhorn Summit Rd., Zumwalt Prairie ",45.5559,-116.9985,,Wallowa,Oregon,Wallowa,,"Wallowa Co., Buckhorn Rd. Zumwalt Prairie road shoulder",1,net,RLP,79,,
13840430,6/21/2018,843723,Wallowa Co. Lostine Rd. ,45.48378,-117.35647,,Wallowa,Oregon,Wallowa,,Wallowa Co. Lostine Rd.,7,net,GP,79,,
13802582,6/21/2018,843723,"Oregon,Wallowa Co. Lostine Crk. Rd.",45.410234,-117.424847,,Wallowa,Oregon,Wallowa,,"Wallowa Co., Lostine Ck. Rd., 5 miles south of Lostine",2,net,RLP,80,,
13840461,6/22/2018,843723,"Union Co. Starky near La Grande, Hwy 244",45.4273867,-118.343683,,Union,Oregon,Union,,"Union Co. Starky near La Grande, Hwy 244",18,net,GP,80,,
13802838,6/21/2018,843723,"Oregon,Wallowa Co. Lostine Crk. Rd.",45.410234,-117.424847,,Wallowa,Oregon,Wallowa,,"Wallowa Co., Lostine Ck. Rd., 5 miles south of Lostine",2,net,RLP,81,,
13840490,6/22/2018,843723,"Union Co. Starky near La Grande, Hwy 244",45.4273867,-118.343683,,Union,Oregon,Union,,"Union Co. Starky near La Grande, Hwy 244",3,net,GP,81,,
13803591,6/21/2018,843723,"Oregon,Wallowa Co. Lostine Crk. Rd.",45.410234,-117.424847,,Wallowa,Oregon,Wallowa,,"Wallowa Co., Lostine Ck. Rd., 5 miles south of Lostine",1,net,RLP,82,,
13840561,6/22/2018,843723,Union Co. Grande Ronde River near Spool Cart CG,45.191067,-118.394083,,Union,Oregon,Union,,Union Co. Grande Ronde River near Spool Cart CG,4,net,GP,82,,
13803961,6/21/2018,843723,"Oregon,Wallowa Co. Lostine Crk. Rd.",45.410234,-117.424847,,Wallowa,Oregon,Wallowa,,"Wallowa Co., Lostine Ck. Rd., 5 miles south of Lostine",1,net,RLP,83,,
13840618,6/22/2018,843723,Union Co. Grande Ronde River Hwy 51,45.191067,-118.394083,,Union,Oregon,Union,,Union Co. Grande Ronde River Hwy 51,5,net,GP,83,,
13840724,6/22/2018,843723,Union Co. Grande Ronde River Hwy 51,45.18503,-118.38897,,Union,Oregon,Union,,Union Co. Grande Ronde River Hwy 51,4,net,GP,84,,
13804261,6/22/2018,843723,"Oregon, Union Co.,west of LeGrande, Starky Hwy 244",45.273867,-118.343683,,Union,Oregon,Union,,"Union Co., south of Starky on Hwy. 244",10,net,RLP,85,,
13809483,6/22/2018,843723,"Oregon, Union Co.,west of LeGrande, Starky Hwy 244",45.272867,-118.343683,,Union,Oregon,Union,,"Oregon, Union Co.,west of LeGrande, Starky Hwy 244",10,net,RLP,85,,
13840791,6/22/2018,843723,Union Co. Grande Ronde River Hwy 51,45.1679,-118.3848,,Union,Oregon,Union,,Union Co. Grande Ronde River Hwy 51,2,net,GP,85,,
13804845,6/22/2018,843723,"Oregon, Union Co.,west of LeGrande, Starky Hwy 244",45.273867,-118.343683,,Union,Oregon,Union,,"Union Co., south of Starky on Hwy. 244",2,net,RLP,86,,
13840838,6/22/2018,843723,Union Co. Grande Ronde River Hwy 51,45.1451,-118.37093,,Union,Oregon,Union,,Union Co. Grande Ronde River Hwy 51,11,net,GP,86,,
13805256,6/22/2018,843723,"Oregon, Union Co., Hwy 5160, 4 mi. south of Starky, Spool Cart Campground",45.191493,-118.393826,,Union,Oregon,Union,,"Union Co., south of Starky on Hwy. 5160",5,net,RLP,87,,
13840876,6/22/2018,843723,"Union Co. Grande Ronde River Hwy 15, 18 mi. N of Granite",45.10275,-118.3872,,Union,Oregon,Union,,"Union Co. Grande Ronde River Hwy 15, 18 mi. N of Granite",3,net,GP,87,,
13805557,6/22/2018,843723,"Oregon, Union Co., Hwy 5160, 5 mi. south of Starky, Spool Cart Campground",45.18503,-118.38897,,Union,Oregon,Union,,"Union Co., south of Starky on Hwy. 5160",3,net,RLP,88,,
13840974,6/22/2018,843723,"Grant Co. Hwy 51, North Fork John Day CG",44.91483,-118.40378,,Grant,Oregon,Grant,,"Grant Co. Hwy 51, North Fork John Day CG",9,net,GP,88,,
13805974,6/22/2018,843723,"Oregon, Union Co., Hwy 5160, 5 mi. south of Starky, Spool Cart Campground",45.18503,-118.38897,,Union,Oregon,Union,,"Union Co., south of Starky on Hwy. 5160",1,net,RLP,89,,
13841036,6/22/2018,843723,"Grant Co. Hwy 51, North Fork John Day CG",44.91483,-118.40378,,Grant,Oregon,Grant,,"Grant Co. Hwy 51, North Fork John Day CG",7,net,GP,89,,
13806617,6/22/2018,843723,"Oregon, Union Co., Hwy 5160, 20 mi. south of Starky, Spool Cart Campground",45.1451,-118.37093,,Union,Oregon,Union,,"Union Co., south of Starky on Hwy. 5160",3,net,RLP,90,,
13889716,6/28/2018,843723,Deschutes Co. Eagle Crest Resort River Trail,44.25875,-121.247323,,Deschutes,Oregon,Deschutes,,Deschutes Co. Eagle Crest Resort River Trail,2,net,GP,90,,
13807019,6/22/2018,843723,"Oregon, Union Co., Hwy 5160, 20 mi. south of Starky, Spool Cart Campground",45.10275,-118.3872,,Union,Oregon,Union,,"Union Co., south of Starky on Hwy. 244",3,net,RLP,91,,
13889799,6/28/2018,843723,Deschutes Co. Eagle Crest Resort River Trail,44.25953,-121.247817,,Deschutes,Oregon,Deschutes,,Deschutes Co. Eagle Crest Resort River Trail,17,net,GP,91,,
13807543,6/22/2018,843723,"Oregon, Grant Co., North Fork of John Day River campground",44.91483,-118.403783,,Grant,Oregon,Grant,,"Grant Co.,North Fork of John Day Campground",11,net,RLP,92,,
13889860,6/28/2018,843723,Deschutes Co. Eagle Crest Resort River Trail,44.25873,-121.247166,,Deschutes,Oregon,Deschutes,,Deschutes Co. Eagle Crest Resort River Trail,2,net,GP,92,,
13808272,6/22/2018,843723,"Oregon, Baker Co., Hwy 7, West of Sumpter Junction",44.67555,-118.23873,,Baker,Oregon,Baker,,"OR, Baker Co., Hwy 7 west of Sumpter Junction",5,net,RLP,93,,
13889968,6/28/2018,843723,Deschutes Co. Eagle Crest Resort River Trail,44.266816,-121.25135,,Deschutes,Oregon,Deschutes,,Deschutes Co. Eagle Crest Resort River Trail,8,net,GP,93,,
13808456,6/22/2018,843723,"Oregon, Baker Co., Hwy 7, East of Austin",44.67555,-118.23873,,Baker,Oregon,Baker,,"Baker Co., Hwy 7 East of Austin",1,net,RLP,94,,
13889647,6/28/2018,843723,Deschutes Co. Eagle Crest Resort Sports Center,44.259779,-121.249372,,Deschutes,Oregon,Deschutes,,Deschutes Co. Eagle Crest Resort Sports Center,10,net,GP,94,,
13893070,6/28/2018,843723,Deschutes Co. Eagle Crest Resort River Trail,44.2595,-121.2478,,Deschutes,Oregon,Deschutes,,"Deschutes Co., Eagle Crest Resort River Trail",2,net,RLP,95,,
13893161,6/28/2018,843723,Deschutes Co. Eagle Crest Resort River Trail,44.2595,-121.2478,,Deschutes,Oregon,Deschutes,,"Deschutes Co., Eagle Crest Resort River Trail",4,net,RLP,96,,
13893264,6/28/2018,843723,"Oregon, Deschutes Co., Eagle Crest Resort, River Trail",44.26816,-121.25135,,Deschutes,Oregon,Deschutes,,"Deschutes Co., Eagle Crest Resort River Trail",3,net,RLP,97,,
13893366,6/28/2018,843723,"Oregon, Deschutes Co., Eagle Crest Resort, River Trail",44.1604,-121.15157,,Deschutes,Oregon,Deschutes,,"Deschutes Co., Eagle Crest Resort River Trail",7,net,RLP,98,,
13893499,6/28/2018,843723,"Oregon, Deschutes Co., Eagle Crest Resort, Sports CenterRiver Trail",44.259951,-121.249434,,Deschutes,Oregon,Deschutes,,"Deschutes Co., Eagle Crest Resort River Trail",4,net,RLP,99,,
14167461,7/3/2018,843723,"Crook Co. Hwy. 380, Paulina Hwy'",44.261872,-120.704507,,Crook,Oregon,Crook,,"Hwy. 380, Paulina Hwy",2,net,RLP,100,,
14167686,7/3/2018,843723,"Crook Co. Hwy. 380, Paulina Hwy'",44.173043,-120.557221,,Crook,Oregon,Crook,,"Crook Co.,Hwy.380, 5 mi. SE ofPrineville, %mi SE",3,net,RLP,101,,
14168199,7/3/2018,843723,"Crook Co. Hwy. 380, Paulina Hwy, 5 mi SE of Prineville",44.173043,-120.557221,,Crook,Oregon,Crook,,"Crook Co, Hwy.380, 5 mi. SE of Prineville",4,net,RLP,102,,
14168953,7/3/2018,843723,"Crook Co. Hwy. 380, Paulina Hwy, 5 mi SE of Prineville",44.172704,-120.556964,,Crook,Oregon,Crook,,"Crook Co.,Hwy.380, 5 mi. SE ofPrineville, %mi SE",3,net,RLP,103,,
14169295,7/3/2018,843723,"Crook Co. Dutch man Flat, Sugar Crk. Campground",44.235181,-119.804057,,Crook,Oregon,Crook,,"Crook Co.,Dutchman Flat,Sugar Crk. Campground",2,net,RLP,104,,
14169717,7/3/2018,843723,"Crook Co. Rd. 58, near Ranger District Office",44.2305,-119.7333,,Crook,Oregon,Crook,,Crook Co. Rd. 58 near ranger District Office,5,net,RLP,105,,
14170149,7/3/2018,843723,"Crook Co. Dutchman Flat, 1 mile South of Ranger Sta.",44.217083,-119.7311,,Crook,Oregon,Crook,,"Crook Co. Dutchman Flat, 1 mile South of Ranger Sta.",4,net,RLP,106,,
14170989,7/3/2018,843723,"Grant Co., Hwy 380 near Izee",44.0961,-119.28985,,Grant,Oregon,Grant,,"Grant Co., Hwy 380 near Izee",2,net,RLP,108,,
14171253,7/3/2018,843723,"Grant Co., Hwy 380 near Izee",44.0961,-119.28985,,Grant,Oregon,Grant,,"Grant Co., Hwy 380 near Izee",1,net,RLP,109,,
14171579,7/4/2018,843723,"Grant Co., near Frasier Campground",44.2034,-119.593083,,Grant,Oregon,Grant,,"Grant Co., near Frasier Campground",1,net,RLP,110,,
14172226,7/4/2018,843723,"Grant Co., Rd. 58 near Frasier Campground",44.18085,-119.5738,,Grant,Oregon,Grant,,"Grant Co., Rd. 58 near Frasier Campground",1,net,RLP,111,,
14172290,7/4/2018,843723,"Grant Co., Rd. 58 near Frasier Campground",44.18067,-119.5642,,Grant,Oregon,Grant,,"Grant Co., Rd. 58 near Frasier Campground",1,net,RLP,112,,
14172403,7/4/2018,843723,"Grant Co., Rd. 58 near Frasier Campground",44.18067,-119.5642,,Grant,Oregon,Grant,,"Grant Co., Rd. 58 near Frasier Campground",3,net,RLP,113,,
13864303,6/28/2018,858490,"1570 Blue Heron, Redmond, OR 97756, USA",44.26067227,-121.2473798,,Deschutes,Oregon,Deschutes,,Eagle Crest River path Redmond,1,net,HW,15,,
13865342,6/28/2018,858490,"1138 Swallow Ln, Redmond, OR 97756, USA",44.2638786,-121.2491867,,Deschutes,Oregon,Deschutes,,,1,net,HW,16,,
13963408,7/1/2018,975165,"37820–37914 Highway 58, Dexter, OR, US",43.94251223,-122.8449637,,Lane,Oregon,Lane,,Elijah Bristol,1,net,Jaa,5,,
13963870,7/1/2018,975165,"38263 Wheeler Rd, Pleasant Hill, OR, US",43.94361278,-122.8460502,,Lane,Oregon,Lane,,Elijah Bristow,2,net,Jaa,6,,
