id,observed_on,user_id,place_guess,latitude,longitude,place_county_name,place_state_name,scientific_name,field:flower bee is visiting,field:location name,field:number of bees collected,field:oba collection method,field:oba collector id,field:sample id,field:trap installed,field:trap removed
14141175,7/7/2018,175529,"1255 NW Highland Dell Dr, Corvallis, OR, US",44.60277884,-123.2648611,Benton,Oregon,Asteraceae,,West side of house,3,net,JLP,51,,
14141890,7/7/2018,175529,"1255 NW Highland Dell Dr, Corvallis, OR, US",44.60266112,-123.264699,Benton,Oregon,Asteraceae,,South side of house,2,net,JLP,52,,
14142248,7/7/2018,175529,"1255 NW Highland Dell Dr, Corvallis, OR, US",44.60306705,-123.264633,Benton,Oregon,Sedum,,House,6,net,JLP,53,,
14142945,7/7/2018,175529,"1255 NW Highland Dell Dr, Corvallis, OR, US",44.60296446,-123.2648778,Benton,Oregon,Borago officinalis,,Home site,17,net,JLP,54,,
14146448,7/7/2018,754260,"3334 NW Covey Run, Corvallis, OR 97330, USA",44.59934006,-123.3149395,Benton,Oregon,Penstemon richardsonii,,backyard,2,net,EW,105,,
14147216,7/7/2018,754260,"3334 NW Covey Run, Corvallis, OR 97330, USA",44.59946374,-123.3152593,Benton,Oregon,Clarkia amoena,,backyard,8,net,EW,106,,
14148296,7/7/2018,754260,"3334 NW Covey Run, Corvallis, OR 97330, USA",44.59937253,-123.3156018,Benton,Oregon,Apocynum androsaemifolium,,backyard,1,net,EW,107,,
14149346,7/7/2018,754260,"3334 NW Covey Run, Corvallis, OR 97330, USA",44.59901748,-123.3154593,Benton,Oregon,Gilia capitata,,backyard,2,net,EW,108,,
14169493,7/7/2018,754260,"3334 NW Covey Run, Corvallis, OR 97330, USA",44.59880096,-123.3152306,Benton,Oregon,Sidalcea campestris,,backyard,3,net,EW,109,,
14169514,7/7/2018,754260,"3334 NW Covey Run, Corvallis, OR 97330, USA",44.59886031,-123.315856,Benton,Oregon,Anaphalis margaritacea,,backyard,1,net,EW,110,,
14170343,7/8/2018,175529,"1255 Highland Dell Dr, Corvallis, OR, US",44.60220372,-123.2665251,Benton,Oregon,Prunella vulgaris,,Pollinator Garden,2,net,JLP,55,,
14171054,7/8/2018,175529,"1255 NW Highland Dell Dr, Corvallis, OR, US",44.60211642,-123.2664697,Benton,Oregon,Eschscholzia californica,,Pollinator Garden,1,net,JLP,56,,
14179282,7/8/2018,754260,"3226 NW Covey Run, Corvallis, OR 97330, USA",44.59909986,-123.3148815,Benton,Oregon,Penstemon richardsonii,,backyard,1,net,EW,111,,
14180498,7/8/2018,754260,"3334 NW Covey Run, Corvallis, OR 97330, USA",44.59920709,-123.3156414,Benton,Oregon,Clarkia amoena,,backyard,1,net,EW,112,,
14204442,7/9/2018,831425,"6451 NE Hilltop Ln, Dayton, OR, US",45.25844777,-123.074263,Yamhill,Oregon,Anaphalis margaritacea,,Winters hill,1,net,Pef,20,,
14204855,7/9/2018,831425,"6451 NE Hilltop Ln, Dayton, OR, US",45.25817289,-123.0741103,Yamhill,Oregon,Chamaenerion angustifolium,,Winter hill,1,net,Pef,21,,
14205110,7/9/2018,831425,"6451 NE Hilltop Ln, Dayton, OR, US",45.25794875,-123.0741111,Yamhill,Oregon,Oenothera biennis,,Winters hill,,net,Pef,22,,
14205498,7/9/2018,831425,"6451 NE Hilltop Ln, Dayton, OR, US",45.25844257,-123.0747453,Yamhill,Oregon,Oenothera biennis,,Winter hill,1,net,Pef,23,,
14205718,7/9/2018,831425,"6451 NE Hilltop Ln, Dayton, OR, US",45.25827179,-123.0740482,Yamhill,Oregon,Crepis capillaris,,Winters hill,2,net,Pef,24,,
14207628,7/9/2018,831425,"6451 NE Hilltop Ln, Dayton, OR, US",45.25807641,-123.074275,Yamhill,Oregon,Chamaenerion angustifolium,,Winter hill,1,net,Pef,25,,
14250234,7/10/2018,792775,"Yamhill County, US-OR, US",45.1691735,-123.1833599,Yamhill,Oregon,Kickxia spuria,,o,1,net,dto,dto40,,
14250242,7/10/2018,792775,"7360 SE Lafayette Hwy, Dayton, OR 97114, USA",45.2058432,-123.1072909,Yamhill,Oregon,Solidago canadensis,,o,1,net,dto,dto41,,
14269245,7/11/2018,843723,"Deschutes Co, Bend, Tumalo, 18925 Pinehurst Rd.",44.146019,-121.376686,Deschutes,Oregon,Erythranthe primuloides,,"Deschutes Co, Bend, Tumalo, 18925 Pinehurst Rd.",1,net,GP,125,,
14275191,7/11/2018,858490,"850 NW Dogwood Ln, Madras, OR 97741, USA",44.68026157,-121.1525063,Jefferson,Oregon,Phacelia tanacetifolia,,Madras COARC field,5,net,hw,14,,
14276963,7/11/2018,792468,"5892 SE Booth Bend Rd, McMinnville, OR, US",45.17115743,-123.1860698,Yamhill,Oregon,Mentha,,"McMinnville, O'Loughlin Farms",2,net,Mol,199,,
14277230,7/11/2018,792468,"7025 SE Booth Bend Rd, McMinnville, OR, US",45.17138282,-123.1862101,Yamhill,Oregon,Astereae,,"McMinnville, O'Loughlin Farms",1,net,Mol,200,,
14277981,7/11/2018,792468,"7025 SE Booth Bend Rd, McMinnville, OR, US",45.18580627,-123.1673126,Yamhill,Oregon,Phacelia tanacetifolia,,McMinnville O'Loughlin Farms,19,net,Mol,201,,
14280225,7/11/2018,792775,"12700 SE Burns Rd, McMinnville, OR 97128, USA",45.16763345,-123.1843196,Yamhill,Oregon,Dipsacus fullonum,,o,1,net,dto,dto42,,
14291524,7/12/2018,858490,"820 Cline Falls Rd, Redmond, OR 97756, USA",44.2674794,-121.2618757,Deschutes,Oregon,Thelypodium,,"Redmond, Eagle Crest, river path",7,net,hw,15,,
14291650,7/12/2018,858490,"Deschutes County, US-OR, US",44.26730451,-121.2522715,Deschutes,Oregon,Spiraea douglasii,,Eagle Crest river path,6,net,HW,16,,
14294284,7/12/2018,858490,"Deschutes County, US-OR, US",44.265249,-121.250526,Deschutes,Oregon,Spiraea douglasii,,Eagle Crest river path,5,net,hw,17,,
14294501,7/12/2018,858490,United States,44.2597,-121.2493,Deschutes,Oregon,Dasiphora fruticosa,,Eagle Crest parking lot Sportscenter,5,net,hw,18,,
14300011,7/12/2018,843723,"Deschutes Co, Eagle Crest Resort, River Trail",44.14586,-121.37671,Deschutes,Oregon,Thelypodium,,"Deschutes Co, Eagle Crest Resort, River Trail",17,net,GP,126,,
14300103,7/12/2018,843723,"Deschutes Co, Eagle Crest Resort, River Trail",44.26706,-121.2515,Deschutes,Oregon,Spiraea douglasii,,"Deschutes Co, Eagle Crest Resort, River Trail",8,net,GP,127,,
14300186,7/12/2018,843723,"Deschutes Co, Eagle Crest Resort, River Trail",44.2668,-121.2514,Deschutes,Oregon,Philadelphus lewisii,,"Deschutes Co, Eagle Crest Resort, River Trail",7,net,GP,128,,
14301558,7/12/2018,843723,"Deschutes Co., Eagle Crest Resort, Deschutes River Trail",44.267264,-121.254239,Deschutes,Oregon,Cirsium arvense,,"Eagle Crest Resort, River Trail",5,net,RLP,125,,
14301620,7/12/2018,843723,"Deschutes Co., Eagle Crest Resort, Deschutes River Trail",44.267264,-121.254239,Deschutes,Oregon,Thelypodium,,"Eagle Crest Resort, River Trail",3,net,RLP,126,,
14301705,7/12/2018,843723,"Deschutes Co., Eagle Crest Resort, Deschutes River Trail",44.2652,-121.250519,Deschutes,Oregon,Spiraea douglasii,,"Eagle Crest Resort, River Trail",5,net,RLP,127,,
14356673,7/14/2018,175529,"97330, Corvallis, OR, US",44.56863512,-123.3263872,Benton,Oregon,,,Dunawi Creek Regeneration Site,13,net,JLP,58,,
14357323,7/14/2018,175529,"97330, Corvallis, OR, US",44.56861295,-123.3263228,Benton,Oregon,,,Dunawi Creek Regeneration Site,11,net,JLP,57,,
14367077,7/14/2018,175529,"97330, Corvallis, OR, US",44.569347,-123.322579,Benton,Oregon,Tanacetum vulgare,,Entrance to  Regeneration Site,9,net,JLP,59,,
14422375,7/16/2018,792775,"5510 NE Breyman Orchards Rd, Dayton, OR 97114, USA",45.2572098,-123.0601778,Yamhill,Oregon,Anaphalis margaritacea,,w,4,net,dto,dto44,,
14422388,7/16/2018,792775,"5510 NE Breyman Orchards Rd, Dayton, OR 97114, USA",45.2572098,-123.0601778,Yamhill,Oregon,Crepis,,w,3,net,dto,dto45,,
14452279,7/17/2018,816767,"17701 SW Gopher Valley Rd, Sheridan, OR, US",45.13412063,-123.3728646,Yamhill,Oregon,Petroselinum crispum,,gvr yard,6,net,jt,48,,
14453600,7/17/2018,816767,"17701 SW Gopher Valley Rd, Sheridan, OR, US",45.13388028,-123.3730809,Yamhill,Oregon,Solidago,,gvr yard,8,net,jt,49,,
14453873,7/17/2018,816767,"17701 SW Gopher Valley Rd, Sheridan, OR, US",45.1340027,-123.3729883,Yamhill,Oregon,Asteraceae,,gvr yard,4,net,jt,50,,
14454639,7/17/2018,816767,"17701 SW Gopher Valley Rd, Sheridan, OR, US",45.13395396,-123.3727974,Yamhill,Oregon,Allium cernuum,,gvr yard,1,net,jt,51,,
14463592,7/17/2018,175529,"151 NW Lewisburg Ave, Corvallis, OR, US",44.62920941,-123.2460528,Benton,Oregon,Jacobaea vulgaris,,Chintimini Wildlife Center Neighbor,28,net,JLP,60,,
14495551,7/18/2018,754260,"3334 NW Covey Run, Corvallis, OR 97330, USA",44.59939465,-123.3159414,Benton,Oregon,Clarkia amoena,,backyard,4,net,EW,113,,
14509502,7/18/2018,754260,"3334 NW Covey Run, Corvallis, OR 97330, USA",44.59934459,-123.3156115,Benton,Oregon,Symphyotrichum subspicatum,,backyard,9,net,EW,114,,
14509509,7/18/2018,754260,"3334 NW Covey Run, Corvallis, OR 97330, USA",44.59930448,-123.3157167,Benton,Oregon,Solidago gigantea,,backyard,1,net,EW,115,,
14509515,7/18/2018,754260,"3334 NW Covey Run, Corvallis, OR 97330, USA",44.59884515,-123.3158934,Benton,Oregon,Anaphalis margaritacea,,backyard,1,net,EW,116,,
14509521,7/18/2018,754260,"3334 NW Covey Run, Corvallis, OR 97330, USA",44.59892141,-123.3158962,Benton,Oregon,Solidago lepida salebrosa,,backyard,5,net,EW,117,,
14515926,7/18/2018,800960,"41010 SE Louden Rd, Corbett, OR, US",45.50391333,-122.2412117,Multnomah,Oregon,Eryngium maritimum,,Louden rd corbett,5,net,Pamela Arion,39,,
14526838,7/19/2018,792859,"17570 Wolf Dr, Sandy, OR, US",45.39636667,-122.2553717,Clackamas,Oregon,Cosmos bipinnatus,,,1,net,C Vanden Heuvel,1,,
14548675,7/20/2018,808137,"8759 Buena Vista Rd NW, Albany, OR, US",44.71496006,-123.1620397,Benton,Oregon,Jacobaea vulgaris,,,5,net,RM,17,,
14548778,7/20/2018,175529,"8759 Buena Vista Rd NW, Albany, OR, US",44.71468132,-123.1621858,Benton,Oregon,Mentha pulegium,,Luckiamute Landing State Natural Areal,16,net,JLP,61,,
14548859,7/20/2018,808137,"8759 Buena Vista Rd NW, Albany, OR, US",44.71459372,-123.1620909,Benton,Oregon,Mentha pulegium,,,14,net,RM,18,,
14554250,7/20/2018,792083,"Smith Ln, Corvallis, OR, US",44.56567694,-123.2407884,Linn,Oregon,Tithonia,,ORGS farm,6,net,KDZ,24,,
14581298,7/21/2018,754260,"3334 NW Covey Run, Corvallis, OR 97330, USA",44.59923508,-123.3156993,Benton,Oregon,Grindelia integrifolia,,backyard,7,net,EW,118,,
14587173,7/21/2018,754260,"Marys Peak Rd, Philomath, OR 97370, USA",44.47295088,-123.5192953,Benton,Oregon,Holodiscus discolor,,"Marys Peak Rd, 1.7 mi NW of intersection with Alsea Hwy 34",2,net,EW,119,,
14596877,7/21/2018,754260,"31444 Marys Peak Rd, Philomath, OR 97370, USA",44.4753195,-123.5285806,Benton,Oregon,Chamaenerion angustifolium,,"Marys Peak Rd, 2.4 mi NW of intersection with Alsea Hwy 34",7,net,EW,120,,
14596902,7/21/2018,754260,"Benton County, US-OR, US",44.51088407,-123.5709143,Benton,Oregon,Arnica lanceolata,,"NF 3010 at Parker Creek, 6.7 mi NW of Marys Peak Rd intersection with Alsea Hwy 34",2,net,EW,121,,
14596911,7/21/2018,754260,"NF-3010, Philomath, OR 97370, USA",44.5101975,-123.5607345,Benton,Oregon,Achillea millefolium,,"Marys Peak Campground, hiker's parking lot",1,net,EW,122,,
14598280,7/18/2018,841568,"Lane County, OR, USA",43.9959,-123.1016,Lane,Oregon,Dipsacus fullonum,,"Eugene, Oregon",12,net,LOH,43,,
14598328,7/20/2018,841568,"Lane County, OR, USA",43.9901,-123.0351,Lane,Oregon,Mentha pulegium,,"Eugene, Suzanne Arlie Park",18,net,LOH,44,,
14624235,7/22/2018,754260,"3334 NW Covey Run, Corvallis, OR 97330, USA",44.59885877,-123.315129,Benton,Oregon,Perideridia,,backyard,8,net,EW,123,,
14627591,7/21/2018,175529,"1255 NW Highland Dell Dr, Corvallis, OR, US",44.60276669,-123.2636257,Benton,Oregon,Rubus,,Home,7,net,JLP,61,,
14653273,7/23/2018,754260,"MLK Park, Corvallis, OR, USA",44.59364968,-123.3153912,Benton,Oregon,Grindelia integrifolia,,Martin Luther King Jr. Park,2,net,EW,124,,
14658311,7/23/2018,754260,"MLK Park, Corvallis, OR, USA",44.59294538,-123.3139447,Benton,Oregon,Dipsacus fullonum,,Martin Luther King Jr. Park,1,net,EW,125,,
14662611,7/23/2018,754260,"3334 NW Covey Run, Corvallis, OR 97330, USA",44.59879027,-123.3158353,Benton,Oregon,Solidago lepida salebrosa,,backyard,6,net,EW,126,,
14679871,7/23/2018,754260,"3334 NW Covey Run, Corvallis, OR 97330, USA",44.59918868,-123.315106,Benton,Oregon,Megachilidae,,backyard,3,net,EW,127,,
14754308,7/26/2018,861496,"97754, Prineville, OR, US",44.35514882,-120.8733493,Crook,Oregon,,,,,net,NP,,,
14754423,7/26/2018,861496,"97754, Prineville, OR, US",44.35514882,-120.8733493,Crook,Oregon,,,"Eagle Crest Resort, Redmond OR",1,net,NP,2,,
14755377,7/26/2018,861496,"7555 Falcon Crest Dr, Redmond, OR, US",44.26274582,-121.2630167,Deschutes,Oregon,Perovskia,,"Eagle Crest Resort, Redmond OR",,net,NP,3,,
14755551,7/26/2018,861496,"7535 Falcon Crest Dr, Redmond, OR, US",44.26262206,-121.2622337,Deschutes,Oregon,Rosaceae,,"Eagle Crest Resort, Redmond OR",2,net,NP,2-Apr,,
14755670,7/26/2018,861496,"7535 Falcon Crest Dr, Redmond, OR, US",44.26262206,-121.2622337,Deschutes,Oregon,Rosaceae,,"Eagle Crest Resort, Redmond OR",3,net,NP,3-Apr,,
14755852,7/26/2018,861496,"7535 Falcon Crest Dr, Redmond, OR, US",44.26261464,-121.2625436,Deschutes,Oregon,Rosaceae,,"Eagle Crest Resort, Redmond OR",3,net,NP,2-Apr,,
14756170,7/26/2018,861496,"7525 Falcon Crest Dr, Redmond, OR, US",44.26318319,-121.2619896,Deschutes,Oregon,Rosaceae,,"Eagle Crest Resort, Redmond OR",,net,NP,4-Apr,,
14756343,7/26/2018,861496,"7535 Falcon Crest Dr, Redmond, OR, US",44.26267088,-121.2620729,Deschutes,Oregon,Rosaceae,,"Eagle Crest Resort, Redmond OR",,net,MP,5-Apr,,
14756916,7/26/2018,861496,"7535 Falcon Crest Dr, Redmond, OR, US",44.2627169,-121.2624333,Deschutes,Oregon,Rosaceae,,"Eagle Crest Resort, Redmond OR",,net,NP,6-Apr,,
14757031,7/26/2018,861496,"7535 Falcon Crest Dr, Redmond, OR, US",44.26262457,-121.2621968,Deschutes,Oregon,Rosaceae,,"Eagle Crest Resort, Redmond OR",,net,NP,7-Apr,,
14757249,7/26/2018,861496,"7535 Falcon Crest Dr, Redmond, OR, US",44.26229734,-121.2623184,Deschutes,Oregon,Dasiphora fruticosa,,"Eagle Crest Resort, Redmond OR",8,net,NP,8-Apr,,
14780346,7/27/2018,754260,"3334 NW Covey Run, Corvallis, OR 97330, USA",44.599102,-123.315187,Benton,Oregon,Megachilidae,,backyard,3,net,EW,128,,
14801617,7/27/2018,754260,"3598 NE Lancaster St, Corvallis, OR 97330, USA",44.60413151,-123.2400849,Benton,Oregon,Grindelia integrifolia,,Jackson Frazier Wetland entry,19,net,EW,129,,
14837136,7/28/2018,754260,"753 SW 35th St, Corvallis, OR 97333, USA",44.55994135,-123.2887789,Benton,Oregon,Helianthus annuus,,OSU Center for Urban Horticulture,2,net,EW,130,,
14838346,7/28/2018,175529,"Oregon State University, Corvallis, OR, US",44.55979527,-123.2886494,Benton,Oregon,Helianthus annuus,,Oak Creek Center for Urban Horticulture,6,net,JLP,64,,
14842341,7/28/2018,754260,"753 SW 35th St, Corvallis, OR 97333, USA",44.56009435,-123.2889071,Benton,Oregon,Helianthus tuberosus,,OSU Center for Urban Horticulture,6,net,EW,131,,
14842382,7/28/2018,754260,"753 SW 35th St, Corvallis, OR 97333, USA",44.56004763,-123.2889259,Benton,Oregon,Origanum vulgare,,OSU Center for Urban Horticulture,7,net,EW,132,,
14842445,7/28/2018,754260,"753 SW 35th St, Corvallis, OR 97333, USA",44.56003658,-123.2888354,Benton,Oregon,Grindelia integrifolia,,OSU Center for Urban Horticulture,5,net,EW,133,,
14851613,7/28/2018,854908,"6901 NW Thompson Rd, Portland, OR 97229, USA",45.54355287,-122.7511343,Multnomah,Oregon,Chamaenerion angustifolium,,7144 NWThompson Road,1,net,ENR,13,,
14852581,7/28/2018,175529,"Oregon State University, Corvallis, OR, US",44.56008168,-123.2888286,Benton,Oregon,Grindelia integrifolia,,Oak Creek Center for Urban Horticulture,7,net,JLP,65,,
14852615,7/28/2018,175529,"Oregon State University, Corvallis, OR, US",44.55988667,-123.2889731,Benton,Oregon,Solidago,,Oak Creek Center for Urban Horticulture,63,net,JLP,63,,
14876575,7/28/2018,754260,"735 SW 35th St, Corvallis, OR 97333, USA",44.56022634,-123.2889396,Benton,Oregon,Solidago gigantea,,OSU Center for Urban Horticulture,6,net,EW,134,,
14876584,7/28/2018,754260,"753 SW 35th St, Corvallis, OR 97333, USA",44.55987291,-123.2890143,Benton,Oregon,Helenium autumnale,,OSU Center for Urban Horticulture,8,net,EW,135,,
14876594,7/28/2018,754260,"753 SW 35th St, Corvallis, OR 97333, USA",44.55983485,-123.2888686,Benton,Oregon,Epilobium densiflorum,,OSU Center for Urban Horticulture,6,net,EW,136,,
14903409,7/29/2018,754260,"2800 NW 29th St, Corvallis, OR 97330, USA",44.59402207,-123.2869244,Benton,Oregon,Liatris,,Hidden Creek curb planting,3,net,EW,137,,
14913528,7/29/2018,792775,"7360 SE Lafayette Hwy, Dayton, OR 97114, USA",45.2058432,-123.1072909,Yamhill,Oregon,Cosmos bipinnatus,,o,28,net,dto,dto46,,
14913543,7/29/2018,792775,"7360 SE Lafayette Hwy, Dayton, OR 97114, USA",45.2058432,-123.1072909,Yamhill,Oregon,Zinnia elegans,,o,5,net,dto,dto47,,
14913576,7/29/2018,792775,"12439 SE Burns Rd, McMinnville, OR 97128, USA",45.1706356,-123.1861088,Yamhill,Oregon,,,o,20,net,dto,dto48,2018-07-29T13:46:00-07:00,2018-08-02T19:33:00-07:00
14913615,7/29/2018,792775,"12125 SE Burns Rd, McMinnville, OR 97128, USA",45.17106126,-123.1856565,Yamhill,Oregon,,,o,2,net,dto,dto49,2018-07-29T13:49:00-07:00,2018-07-30T12:00:00-07:00
14951606,7/30/2018,792468,"6451 NE Hilltop Ln, Dayton, OR, US",45.25870768,-123.0745879,Yamhill,Oregon,Oenothera,,Dayton Winter's Hill Estate,1,net,Mol,205,,
14952039,7/30/2018,792468,"4420 NE Duniway Rd, Dayton, OR, US",45.25900346,-123.0742989,Yamhill,Oregon,Hypericum,,Dayton Winter's Hill Estate,1,net,Mol,206,,
14953337,7/30/2018,831425,"6451 NE Hilltop Ln, Dayton, OR, US",45.25886527,-123.0742058,Yamhill,Oregon,,,Wintershill,4,net,Pef,27,,
14953442,7/30/2018,792468,"6451 NE Hilltop Ln, Dayton, OR, US",45.25906412,-123.0743916,Yamhill,Oregon,Jacobaea vulgaris,,Dayton Winter's Hill Estate,3,net,Mol,207,,
14953749,7/30/2018,831425,"6451 NE Hilltop Ln, Dayton, OR, US",45.25900081,-123.0739573,Yamhill,Oregon,Cirsium,,Wintershill,2,net,Pef,28,,
14954824,7/26/2018,843723,"Crook Co. Hwy. 20, Prineville, Bandit Springs",44.4808,-120.404,Crook,Oregon,Dasiphora fruticosa,,"Crook Co. Hwy 20,Bandit Springs",6,net,RLP,128,,
14954945,7/26/2018,843723,"Crook Co. Hwy. 20, Prineville, Bandit Springs",44.4808,-120.404,Crook,Oregon,Cirsium vulgare,,"Crook Co. Hwy 20,Bandit Springs",7,net,RLP,129,,
14955065,7/26/2018,843723,"Crook Co. Hwy. 20, Prineville, Bandit Springs",44.4808,-120.404,Crook,Oregon,Dasiphora fruticosa,,"Crook Co. Hwy 20, Bandit Springs",2,net,RLP,130,,
14955855,7/26/2018,843723,"grant Co. Forest Service Rd 1520, Canyon Meadows Rd.",44.2386,-118.7718,Grant,Oregon,Achillea millefolium,,"Grant Co.Forest Servive Rd 1520, Canyon Meadows",2,net,RLP,131,,
14955882,7/30/2018,831425,"6451 NE Hilltop Ln, Dayton, OR, US",45.25909234,-123.0742845,Yamhill,Oregon,Jacobaea vulgaris,,Winter hill,2,net,Pef,29,,
14956435,7/26/2018,843723,"grant Co. Forest Service Rd 1520, Canyon Meadows Rd.",44.2386,-118.7718,Grant,Oregon,Solidago,,"Grant Co., Forest Service Rd.1520 canyon Creek Meadows",7,net,RLP,132,,
14956707,7/26/2018,843723,"Grant Co. Forest Service Rd 1520, Canyon Meadows Rd.",44.2386,-118.7718,Grant,Oregon,Asteraceae,,"grant Co. Forest Service Rd 1520, Canyon Meadows Rd.",9,net,RLP,133,,
14957029,7/26/2018,843723,"Grant Co. South side of Strawberry Mtns., Rd 1520",44.17325,-118.6927,Grant,Oregon,Lotus corniculatus,,"Grant Co. South side of Strawberry Mtns., Rd 1520",6,net,RLP,134,,
14957950,7/26/2018,843723,"Grant Co. South side of Strawberry Mtns., Parish Cabin Camp",44.1729,-118.6876,Grant,Oregon,Symphyotrichum foliaceum,,"Grant Co. South side of Strawberry Mtns., Parish Cabin Camp",5,net,RLP,135,,
14960611,7/28/2018,843723,"Crook Co. Ochoco Mtns., Road 30",44.36735,-120.11597,Crook,Oregon,Ericameria nauseosa,,"Crook Co. Ochoco Mtns., Road 30",14,net,RLP,151,,
14960769,7/28/2018,843723,"Crook Co. Ochoco Mtns., Road 3010",44.36735,-120.11597,Crook,Oregon,Grindelia,,"Crook Co. Ochoco Mtns., Road 3010",12,net,RLP,152,,
14960875,7/28/2018,843723,"Crook Co. Ochoco Mtns., Road 3010",44.36735,-120.11597,Crook,Oregon,Calochortus macrocarpus,,"Crook Co. Ochoco Mtns., Road 3010",2,net,RLP,153,,
14961131,7/28/2018,843723,"Crook Co. Ochoco Mtns., Road 3010",44.4629,-120.27821,Wheeler,Oregon,Symphyotrichum foliaceum,,"Crook Co. Ochoco Mtns., Road 3010",4,net,RLP,154,,
14961380,7/28/2018,843723,"Crook Co. Ochoco Mtns., Road 2630",44.4552,-119.9758,Wheeler,Oregon,Perideridia,,"Crook Co. Ochoco Mtns., Road 2630",7,net,RLP,146,,
14961547,7/28/2018,843723,"Crook Co. Ochoco Mtns., Road 2630",44.4552,-119.9758,Wheeler,Oregon,Perideridia,,"Crook Co. Ochoco Mtns., Road 2630",7,net,RLP,146,,
14961738,7/28/2018,843723,"Crook Co. Ochoco Mtns., Road 2630",44.4333,-120.02432,Crook,Oregon,Senecio,,"Crook Co. Ochoco Mtns., Road 2630",1,net,RLP,148,,
14962063,7/28/2018,843723,"Crook Co. Ochoco Mtns., Road 30",44.4093,-120.0056,Wheeler,Oregon,Cirsium vulgare,,"Crook Co. Ochoco Mtns., Road 30",7,net,RLP,149,,
14962251,7/28/2018,843723,"Crook Co. Ochoco Mtns., Road 30",44.39855,-120.0178,Wheeler,Oregon,Calochortus macrocarpus,,"Crook Co. Ochoco Mtns., Road 30",3,net,RLP,150,,
14962601,7/28/2018,843723,"Crook Co. South Ochoco Mtns., Indian Springs",44.2583,-118.6973,Grant,Oregon,Grindelia,,"Crook Co. South Ochoco Mtns., Indian Springs",2,net,RLP,155,,
14962883,7/28/2018,843723,"Crook Co. South Ochoco Mtns., Indian Springs",44.2583,-118.6973,Grant,Oregon,Grindelia,,"Crook Co. South Ochoco Mtns., Indian Springs",2,net,RLP,155,,
14964059,7/30/2018,792775,"6451 NE Hilltop Ln, Dayton, OR 97114, USA",45.25873915,-123.0743085,Yamhill,Oregon,Oenothera,,w,1,net,dto,dto50,,
14964141,7/30/2018,792775,"17350 NE Timmons Ln, Dayton, OR 97114, USA",45.267291,-123.0589019,Yamhill,Oregon,Asteroideae,,w,1,net,dto,dto51,,
14964153,7/26/2018,843723,Grant Co. Canyon Mdw Rd 1520,44.2386,-118.7788,Grant,Oregon,Chamaenerion angustifolium,,"Grant County, Canyon Meadow Road #1520",11,net,g,129,,
14964681,7/26/2018,843723,Grant Co. Canyon Mdw Rd 1520,44.2635,-118.6895,Grant,Oregon,Cirsium vulgare,,"Grant County, Canyon Meadow Road 1520",5,net,GP,130,,
14964771,7/26/2018,843723,Grant Co. Canyon Mdw Rd 1520,44.2386,-118.7718,Grant,Oregon,Solidago,,"Grant County, Canyon Meadow Road 1520",23,net,GP,131,,
14964871,7/26/2018,843723,Grant Co. Canyon Mdw CG Rd 1520,44.2409,-118.7663,Grant,Oregon,Asteraceae,,"Grant County, Canyon Meadow Campground, Road 1520",28,net,GP,132,,
14965136,7/26/2018,843723,Grant Co. near Parrish Cabin CG Rd 16,44.17325,-118.6927,Grant,Oregon,Linaria dalmatica,,"Grant County, near Parrish Cabin Campground, Road 16 16",9,net,GP,133,,
14965357,7/26/2018,843723,Grant Co. east of Parrish Cabin CG Rd 16,44.1729,-118.6876,Grant,Oregon,Symphyotrichum foliaceum,,"Grant County, east of Parrish Cabin Campground, Road 16",3,net,GP,134,,
14965533,7/26/2018,843723,Grant Co. Big Crk CG Rd,44.181,-118.6157,Grant,Oregon,Gaillardia,,Grant Co. Big Creek Campground Road,7,net,GP,135,,
14965687,7/27/2018,843723,Grant Co. Strawberry Mts High Lake TH,44.2768,-118.6992,Grant,Oregon,Lupinus,,"Grant County, Strawberry Mountains, High Lake Trailhead",4,net,GP,136,,
14965763,7/27/2018,843723,Grant Co. Strawberry Mts High Lake TH,44.2768,-118.6992,Grant,Oregon,Asteraceae,,"Grant County, Strawberry Mountains, High Lake Trailhead",3,net,GP,137,,
14965898,7/27/2018,843723,Grant Co. Strawberry Mts Rd 1640,44.2635,-118.6895,Grant,Oregon,Phacelia,,"Grant County, Strawberry Mountains, Road 1640",5,net,GP,138,,
14965996,7/27/2018,843723,Grant Co. Strawberry Mts Rd 1640,44.2635,-118.6895,Grant,Oregon,Agastache urticifolia,,"Grant County, Strawberry Mountains, Road 1640",15,net,GP,139,,
14966154,7/28/2018,843723,Crook Co. Ochoco NF Rd 2630 Rd 1640,44.451,-119.9333,Wheeler,Oregon,Grindelia,,"Crook County, Ochoco National Forest Road 2630",2,net,GP,140,,
14966360,7/28/2018,843723,Crook Co. Ochoco NF Rd 2630 Rd 1640,44.4554,-119.9742,Wheeler,Oregon,Cirsium vulgare,,"Crook County, Ochoco National Forest Road 2630",10,net,GP,141,,
14966616,7/28/2018,843723,Crook Co. Ochoco NF Rd 2630,44.4552,-119.9758,Wheeler,Oregon,Cirsium arvense,,"Crook County, Ochoco National Forest Road 2630",11,net,GP,142,,
14966791,7/28/2018,843723,Crook Co. Ochoco NF Rd 2630,44.4552,-119.9758,Wheeler,Oregon,Sidalcea oregana,,"Crook County, Ochoco National Forest Road 2630",8,net,GP,143,,
14967024,7/28/2018,843723,Crook Co. Ochoco NF Rd 2630,44.4333,-120.0243,Crook,Oregon,Senecio,,"Crook County, Ochoco National Forest Road 2630",7,net,GP,144,,
14967296,7/28/2018,843723,Crook Co. Ochoco NF Rd 30,44.3985,-120.0178,Wheeler,Oregon,Calochortus macrocarpus,,"Crook County, Ochoco National Forest Road 30",9,net,GP,145,,
14967616,7/28/2018,843723,Crook Co. Ochoco NF Rd 30,44.3985,-120.0178,Wheeler,Oregon,Phacelia,,"Crook County, Ochoco National Forest Road 30",6,net,GP,146,,
14967901,7/28/2018,843723,Crook Co. Ochoco NF Rd 30,44.3673,-120.1159,Crook,Oregon,Ericameria nauseosa,,"Crook County, Ochoco National Forest Road 30",6,net,GP,147,,
14968154,7/28/2018,843723,Crook Co. Ochoco NF Rd 3010,44.3673,-120.1159,Crook,Oregon,Grindelia,,"Crook County, Ochoco National Forest Road 3010",45,net,GP,148,,
14968394,7/28/2018,843723,Crook Co. Ochoco NF Rd 3010,44.3673,-120.1159,Crook,Oregon,Calochortus macrocarpus,,"Crook County, Ochoco National Forest Road 3010",4,net,GP,149,,
14970182,7/30/2018,975165,"73–139 N Jackson St, Eugene, OR, US",44.0613317,-123.1083346,Lane,Oregon,Rudbeckia,,N Jackson,7,net,Jaa,7,,
14989869,7/31/2018,792468,"17555 SW Gopher Valley Rd, Sheridan, OR, US",45.13282802,-123.3732318,Yamhill,Oregon,Madia elegans,,Gopher Valley,1,net,Mol,208,,
14990074,7/31/2018,792468,"17701 SW Gopher Valley Rd, Sheridan, OR, US",45.13236001,-123.3731971,Yamhill,Oregon,Cirsium arvense,,Gopher Valley,3,net,Mol,209,,
14990175,7/31/2018,816767,"17701 SW Gopher Valley Rd, Sheridan, OR, US",45.1338188,-123.3729075,Yamhill,Oregon,Oenothera biennis,,gvr yard,10,net,jt,52,,
14990576,7/31/2018,816767,"17701 SW Gopher Valley Rd, Sheridan, OR, US",45.13385589,-123.3727913,Yamhill,Oregon,Hypochaeris radicata,,gvr yd,1,net,jt,53,,
14990956,7/31/2018,816767,"17701 SW Gopher Valley Rd, Sheridan, OR, US",45.13373394,-123.3728614,Yamhill,Oregon,Solidago canadensis,,gvr yd,3,net,jt,54,7/31/2018 10:38,
14991581,7/31/2018,792468,"17701 SW Gopher Valley Rd, Sheridan, OR, US",45.1338052,-123.3729992,Yamhill,Oregon,Solidago canadensis,,Gopher Valley,5,net,Mol,210,,
14991667,7/31/2018,816767,"17701 SW Gopher Valley Rd, Sheridan, OR, US",45.1338276,-123.3729291,Yamhill,Oregon,Grindelia integrifolia,,gvr yd,6,net,jt,55,,
14992006,7/31/2018,816767,"17701 SW Gopher Valley Rd, Sheridan, OR, US",45.13391515,-123.3728519,Yamhill,Oregon,Coreopsis lanceolata,,gvr yd,1,net,jt,56,,
14992066,7/31/2018,816767,"17701 SW Gopher Valley Rd, Sheridan, OR, US",45.13381704,-123.3728698,Yamhill,Oregon,Anaphalis margaritacea,,gvr yd,2,net,jt,57,7/31/2018 11:13,
15055138,8/2/2018,429964,"92630 Maggie Johnson Rd, Astoria, OR 97103, USA",46.1657413,-123.5982442,Clatsop,Oregon,Digitalis purpurea,,,0,net,apm,viii-2-1,,
15129462,8/4/2018,754260,"3546 NE Lancaster St, Corvallis, OR 97330, USA",44.60393975,-123.2404709,Benton,Oregon,Grindelia integrifolia,,Jackson-Frazier Wetland entry,14,net,EW,138,,
15129468,8/4/2018,754260,"3546 NE Lancaster St, Corvallis, OR 97330, USA",44.60406833,-123.2404392,Benton,Oregon,Perideridia gairdneri,,Jackson-Frazier Wetland entry,9,net,EW,139,,
15154990,8/5/2018,754260,"Lane County, US-OR, US",43.55560984,-122.359697,Lane,Oregon,Symphyotrichum foliaceum,,"NF Rd 2309, 20.5 mi S of Hwy 58 via FS 21, FS 2120",3,net,EW,140,,
15162160,8/5/2018,754260,"Lane County, US-OR, US",43.55575695,-122.3596862,Lane,Oregon,Chamaenerion angustifolium,,"NF Rd 2309, 20.5 mi S of Hwy 58 via FS 21, FS 2120",1,net,EW,141,,
15162168,8/5/2018,754260,"Lane County, US-OR, US",43.56605387,-122.3600565,Lane,Oregon,Symphyotrichum foliaceum,,"NF Rd 2309, 21.4 mi S of Hwy 58 via FS 21, FS 2120",3,net,EW,142,,
15162175,8/5/2018,754260,"Lane County, US-OR, US",43.56773423,-122.3375682,Lane,Oregon,Rudbeckia occidentalis,,"NF Rd 2309, 22.7 mi S of Hwy 58 via FS 21, FS 2120",6,net,EW,143,,
15162399,8/5/2018,754260,"Lane County, US-OR, US",43.56757429,-122.3374669,Lane,Oregon,Cirsium remotifolium,,"NF Rd 2309, 22.7 mi S of Hwy 58 via FS 21, FS 2120",2,net,EW,144,,
15162410,8/5/2018,754260,"Lane County, US-OR, US",43.58015529,-122.3290668,Lane,Oregon,Eriogonum nudum,,"NF Rd 452, 24 mi S of Hwy 58 via FS 21, FS 2120, FS 2309",2,net,EW,145,,
15178303,7/18/2018,271351,Near Ankeny Wildlife Refuge,44.79661,-123.08219,Marion,Oregon,,,Near Ankeny Wildlife Refuge,28,pan trap,TER,72,7/18/2018 12:50,7/18/2018 16:00
15178453,7/18/2018,271351,Near Ankeny Wildlife Refuge,44.76716,-123.07815,Marion,Oregon,Rubus armeniacus,,Near Ankeny Wildlife Refuge,18,net,JAB,47,,
15178821,7/18/2018,271351,Near Ankeny Wildlife Refuge,44.76716,-123.07815,Marion,Oregon,,,Near Ankeny WLR,2,pan trap,JAB,48,7/18/2018 14:00,7/18/2018 16:40
15178962,7/18/2018,271351,Near Ankeny Wildlife Refuge,44.76716,-123.07815,Marion,Oregon,Dipsacus fullonum,,Near Ankeny WLR,8,net,TER,73,,
15182383,7/23/2018,841568,,,,,,Rudbeckia hirta,,"Eugene, 2436 Olive Street",8,net,LOH,45,,
15182574,8/3/2018,841568,,,,,,Solidago,,"Eugene, 2436 Olive Street",12,net,LOH,46,,
15182638,8/6/2018,841568,,,,,,Linaria purpurea,,"Eugene, 2436 Olive Street",2,net,LOH,47,,
15182735,8/6/2018,841568,,,,,,Beta vulgaris,,"Eugene, 2436 Olive Street",4,net,LOH,48,,
15184056,8/6/2018,841568,,,,,,Chamaenerion,,"Eugene, 2436 Olive Street",1,net,LOH,49,,
15191795,8/6/2018,754260,"3334 NW Covey Run, Corvallis, OR 97330, USA",44.59881641,-123.3159097,Benton,Oregon,Solidago lepida salebrosa,,backyard,8,net,EW,146,,
15191800,8/6/2018,754260,"3334 NW Covey Run, Corvallis, OR 97330, USA",44.59884286,-123.3158823,Benton,Oregon,Anaphalis margaritacea,,backyard,4,net,EW,147,,
15204245,7/11/2018,793138,Rolling Hills Rd,44.759065,-123.232464,Polk,Oregon,Achillea millefolium,,,9,net,PW,91,,
15204283,7/11/2018,793138,"Oregon, US",44.74588158,-123.3865237,Polk,Oregon,Erigeron decumbens,,,4,net,PW,92,,
15204336,7/11/2018,793138,"Oregon, US",44.759065,-123.232464,Polk,Oregon,Rubus armeniacus,,,3,net,PW,93,,
15204381,7/11/2018,793138,TFO,44.711711,-123.365616,Benton,Oregon,,,,1,net,PW,94,,
15204438,7/26/2018,793138,TFO,44.711711,-123.365616,Benton,Oregon,,,,83,pan trap,PW,95,7/25/2018 10:30,7/26/2018 10:15
15206038,7/26/2018,793138,TFO,44.711711,-123.365616,Benton,Oregon,,,,35,vane trap,PW,96,7/25/2018 10:30,7/26/2018 10:15
15206084,8/3/2018,793138,Rolling Hills Rd,44.759065,-123.232464,Polk,Oregon,Symphyotrichum subspicatum,,,2,net,PW,97,,
15263735,8/3/2018,858490,"Madras, Oregon  850 NE Dogwood Lane - COARC",44.6803,-121.1525,Jefferson,Oregon,Phacelia tanacetifolia,,"Madras, COARC, 850 NW Dogwood Lane",22,net,hw,19,,
15265404,8/9/2018,858490,"Deschutes County, US-OR, US",44.2672,-121.2536,Deschutes,Oregon,,,"Redmond, Eagle Crest river path",5,net,hw,20,,
15265433,8/9/2018,858490,"916 Niagara Falls Dr, Redmond, OR 97756, USA",44.2674,-121.2559,Deschutes,Oregon,Cirsium vulgare,,"Redmond, Eagle Crest river path",6,net,hw,21,,
15266287,8/9/2018,858490,"66161 Cline Falls Hwy, Bend, OR 97701, USA",44.19796052,-121.3235744,Deschutes,Oregon,,,"Redmond, 66161 Cline Falls Hwy",7,net,hw,22,,
15275173,8/7/2018,793138,RHR,44.759065,-123.232464,Polk,Oregon,Jacobaea vulgaris,,,3,net,PW,98,,
15275195,8/7/2018,793138,RHR,44.759065,-123.232464,Polk,Oregon,Symphyotrichum subspicatum,,,2,net,PW,99,,
15275211,8/8/2018,793138,RHR,44.759065,-123.232464,Polk,Oregon,Symphyotrichum subspicatum,,,2,net,PW,100,,
15275236,8/9/2018,793138,RHR,44.759065,-123.232464,Polk,Oregon,Symphyotrichum subspicatum,,,4,net,PW,101,,
15328669,8/11/2018,754260,"3546 NE Lancaster St, Corvallis, OR 97330, USA",44.60392045,-123.2406103,Benton,Oregon,Grindelia integrifolia,,Jackson-Frazier Wetland entry,13,net,EW,148,,
15332546,8/11/2018,754260,"3546 NE Lancaster St, Corvallis, OR 97330, USA",44.60411381,-123.2403155,Benton,Oregon,Perideridia gairdneri,,Jackson-Frazier Wetland entry,13,net,EW,149,,
15334552,8/4/2018,818691,"Willamette National Forest, Blue River, OR, US",43.88533,-122.260925,Lane,Oregon,Astereae,,Kiahanie campground on the North Fork of the Middle Fork of the Willamette,9,net,LD,38,,
15368823,8/2/2018,800960,"41010 SE Louden Rd, Corbett, OR, US",45.50327167,-122.2411417,Multnomah,Oregon,,,,,net,Pamela Arion,,,
15393294,8/13/2018,792468,"6451 NE Hilltop Ln, Dayton, OR, US",45.25833555,-123.0743866,Yamhill,Oregon,Anaphalis margaritacea,,Dayton Winter's Hill Estate,9,net,Mol,330,,
15393934,8/13/2018,792468,"6451 NE Hilltop Ln, Dayton, OR, US",45.258667,-123.0750064,Yamhill,Oregon,Jacobaea vulgaris,,Dayton Winter's Hill Estate,5,net,Mol,331,,
15395747,8/13/2018,792468,"6451 NE Hilltop Ln, Dayton, OR, US",45.25962406,-123.0742473,Yamhill,Oregon,Cirsium arvense,,Dayton Winter's Hill Estate,1,net,Mol,332,,
15395787,8/13/2018,792468,"6451 NE Hilltop Ln, Dayton, OR, US",45.25750779,-123.0743549,Yamhill,Oregon,Apocynum androsaemifolium,,Dayton Winter's Hill Estate,4,net,Mol,333,,
15398996,7/28/2018,792083,"Oregon State University, Corvallis, OR, US",44.55998667,-123.2890867,Benton,Oregon,,,Oak Creek Center Urban Horticulture,11,net,KDZ,24,,
15399699,8/1/2018,792083,"28655 Highway 34, Corvallis, OR, US",44.56527833,-123.23867,Linn,Oregon,Eucerini,,ORGS student farm,6,net,KDZ,25,,
15419259,8/13/2018,792775,"6451 NE Hilltop Ln, Dayton, OR 97114, USA",45.25830207,-123.0741795,Yamhill,Oregon,Anaphalis margaritacea,,w,4,net,dto,dto60,,
15419270,8/13/2018,792775,"6451 NE Hilltop Ln, Dayton, OR 97114, USA",45.25858451,-123.0746247,Yamhill,Oregon,,,w,4,net,dto,dto61,,
15419277,8/13/2018,792775,"6451 NE Hilltop Ln, Dayton, OR 97114, USA",45.25902792,-123.07444,Yamhill,Oregon,,,w,5,net,dto,dto62,,
15419283,8/13/2018,792775,"6451 NE Hilltop Ln, Dayton, OR 97114, USA",45.25952101,-123.0737043,Yamhill,Oregon,Raphanus sativus,,w,2,net,dto,dto63,,
15421432,8/9/2018,843723,"Lake Co., Fremont Nat'l Forest, Cambell Lake",42.561528,-120.773858,Lake,Oregon,Chamaenerion angustifolium,,"Lake Co., Fremont Nat'l Forest, Cambell Lake",6,net,RLP,156,,
15421771,8/9/2018,843723,"Lake Co., Fremont Nat'l Forest, Near Campbell Lake",42.5599,-120.7156,Lake,Oregon,Cirsium,,"Lake Co., Fremont Nat'l Forest, near Cambell Lake",16,net,RLP,157,,
15422138,8/10/2018,843723,"Lake Co., Fremont Nat'l Forest, Chewagen Crossing",42.5599,-120.7156,Lake,Oregon,Lotus corniculatus,,"Lake Co., Fremont Nat'l Forest, Chewagen Crossing",-1,net,RLP,158,,
15422383,8/10/2018,843723,"Lake Co., Fremont Nat'l Forest, Dairy Crk. Campground",42.4703,-120.6349,Lake,Oregon,Ericameria nauseosa,,"Lake Co., Fremont Nat'l Forest, Dairy Crk. Campground",18,net,RLP,159,,
15422493,8/10/2018,843723,"Lake Co., Fremont Nat'l Forest, Road 33",42.4703,-120.6349,Lake,Oregon,Ericameria,,"Lake Co., Fremont Nat'l Forest, Rd 33",4,net,RLP,160,,
15422790,8/10/2018,843723,"Lake Co., North of Paisley, Hwy. 31",42.723836,-120.616686,Lake,Oregon,Helianthus,,"Lake Co., North of Paisley, Hwy. 31",3,net,RLP,161,,
15423055,8/11/2018,843723,"Lane Co., Rd. 5897, west of Gold Lake",43.6549,-122.0337,Lane,Oregon,Hypericum perforatum,,"Lane Co., Rd. 5897, west of Gold Lake",6,net,RLP,162,,
15423113,8/11/2018,843723,"Lane Co., Rd. 5897, West of Gold Lake",43.6549,-122.0337,Lane,Oregon,Aster,,"Lane Co., Rd. 5897, West of Gold Lake",2,net,RLP,163,,
15423211,8/11/2018,843723,"Lane Co., Rd. 5897, West of Gold Lake",43.6062,-122.0481,Lane,Oregon,Chamaenerion angustifolium,,"Lane Co., Rd. 5897, West of Gold Lake",4,net,RLP,164,,
15423531,8/12/2018,843723,"Deschutes Co., Rd. to Mt. Bachelor near Rd. 45",43.9827,-121.5946,Deschutes,Oregon,Ericameria,,"Deschutes Co., Rd. to Mt. Bachelor near Rd. 45",5,net,RLP,165,,
15423616,8/12/2018,843723,"Deschutes Co., Rd. to Mt. Bachelor near Rd. 45",43.9827,-121.5946,Deschutes,Oregon,Phacelia,,"Deschutes Co., Rd. to Mt. Bachelor near Rd. 45",3,net,RLP,166,,
15462118,8/2/2018,843723,"Deschutes County, Bend, Tumalo, Allen Rd.",44.1618,-121.3838,Deschutes,Oregon,Securigera varia,,"Deschutes County, Bend, Tumalo, Allen Rd",40,pan trap,GP,150,August 2 at 0830,August 2 at 1730
15462176,8/9/2018,843723,"Lake Co., Fremont Nat'l Forest, Campbell Lake Campground",44.4628,-120.2781,Wheeler,Oregon,Chamaenerion angustifolium,,"Lake Co., Fremont Nat'l Forest, Campbell Lake Campground",4,net,GP,151,,
15462213,8/9/2018,843723,"Lake Co., Fremont Nat'l Forest, Campbell Lake Campground",44.4628,-120.2781,Wheeler,Oregon,Veratrum californicum,,"Lake Co., Fremont Nat'l Forest, Campbell Lake Campground",2,net,GP,152,,
15462332,8/10/2018,843723,"Lake Co., Fremont Nat'l Forest, Rd 28 near Campbell Lake",42.5599,-120.7156,Lake,Oregon,Carduus nutans,,"Lake Co., Fremont National Forest, Road 28 near Campbell Lake",13,net,GP,153,,
15462404,8/10/2018,843723,"Lake Co.near Paisley, Dairy Crk CG",42.4703,-120.6349,Lake,Oregon,Ericameria nauseosa,,"Lake County, near Paisley, Dairy Creek Campground",49,net,GP,154,,
15462493,8/11/2018,843723,Lane Co. Rd. 5897 near Gold Lake,43.6549,-122.0337,Lane,Oregon,Anaphalis margaritacea,,"Lane County, Road 5897 near Gold Lake",1,net,GP,155,,
15462539,8/11/2018,843723,Lane Co. Rd. 5897 near Gold Lake,43.6549,-122.0337,Lane,Oregon,Chamaenerion angustifolium,,"Lane County, Road 5897 near Gold Lake",5,net,GP,156,,
15462928,8/11/2018,843723,Lane Co. intersection of Rd. 5897 and Hwy 58,43.606253,-122.048102,Lane,Oregon,Chamaenerion angustifolium,,Lane Co. intersection of Road 5897 and Highway 58,7,net,GP,157,,
15463002,8/12/2018,843723,Deschutes Co. roadside near Mt. Bachelor,43.9827,-121.5946,Deschutes,Oregon,Centaurea,,"Deschutes County, roadside near Mount Bachelor",4,net,GP,158,,
15463061,8/12/2018,843723,Deschutes Co. roadside near Mt. Bachelor,43.9827,-121.5946,Deschutes,Oregon,Ericameria bloomeri,,"Deschutes County, roadside near Mount Bachelor",12,net,GP,159,,
15463109,8/12/2018,843723,Deschutes Co. roadside near Mt. Bachelor,43.9827,-121.5946,Deschutes,Oregon,Phacelia,,"Deschutes County, roadside near Mount Bachelor",3,net,GP,160,,
15518053,8/14/2018,843723,"Deschutes Co, Bend, Tumalo, 18925 Pinehurst Rd.",44.1459,-121.3766,Deschutes,Oregon,Ericameria,,"Deschutes County, Bend, Tumalo, 18925 Pinehurst Road",25,pan trap,GP,161,August 14 at 0930,August 15 at 1730
15591650,8/14/2018,792775,"17555 Gopher Valley Rd, Sheridan, OR 97378, USA",45.13381343,-123.3732808,Yamhill,Oregon,Cichorium,,j,4,net,dto,dto66,,
15591669,8/14/2018,792775,"17555 Gopher Valley Rd, Sheridan, OR 97378, USA",45.13379053,-123.3738836,Yamhill,Oregon,Daucus carota,,j,10,net,dto,dto67,,
15591686,8/14/2018,792775,"17701 Gopher Valley Rd, Sheridan, OR 97378, USA",45.13374973,-123.3727796,Yamhill,Oregon,Eschscholzia californica,,j,3,net,dto,dto68,,
15627995,8/17/2018,843723,"Deschutes Co, Bend, Sisemore Rd.",44.2151,-121.4644,Deschutes,Oregon,Ericameria,,"Deschutes County, Bend, Sisemore Road",6,net,GP,162,,
15649639,8/18/2018,754260,"3334 NW Covey Run, Corvallis, OR 97330, USA",44.59928003,-123.3150632,Benton,Oregon,Asclepias fascicularis,,backyard,15,net,EW,150,,
15652459,8/10/2018,793138,RHR,44.759065,-123.232464,Polk,Oregon,,,,18,pan trap,PW,102,8/9/2018 15:50,8/10/2018 15:35
15697962,8/14/2018,793138,"Benton County, US-OR, US",44.711711,-123.365616,Benton,Oregon,Cirsium vulgare,,,2,net,PW,103,,
15698041,8/14/2018,793138,"Polk County, US-OR, US",44.759065,-123.232464,Polk,Oregon,Cirsium arvense,,,2,net,PW,104,,
15698070,8/14/2018,793138,"Polk County, US-OR, US",44.759065,-123.232464,Polk,Oregon,Jacobaea vulgaris,,,8,net,PW,105,,
15698097,8/17/2018,793138,"Polk County, US-OR, US",44.759065,-123.232464,Polk,Oregon,Symphyotrichum subspicatum,,,7,net,PW,106,,
15735906,8/20/2018,175529,"1255 NW Highland Dell Dr, Corvallis, OR, US",44.60278777,-123.2641401,Benton,Oregon,Symphyotrichum chilense,,Home,4,net,JLP,66,,
15737881,8/20/2018,754260,"3334 NW Covey Run, Corvallis, OR 97330, USA",44.59921553,-123.3150438,Benton,Oregon,Bombus vosnesenskii,,backyard,1,net,EW,151,,
15769495,8/2/2018,429964,"Clatsop County, US-OR, US",46.10223554,-123.5061473,Clatsop,Oregon,Cirsium vulgare,,,7,net,apm,viii-2,,
15847636,8/22/2018,793138,"Benton County, US-OR, US",44.711711,-123.365616,Benton,Oregon,Symphyotrichum hallii,,,6,net,PW,107,,
15847690,8/22/2018,793138,"Polk County, US-OR, US",44.759065,-123.232464,Polk,Oregon,,,,1,net,PW,108,,
15847946,8/23/2018,793138,"Benton County, OR",44.711711,-123.365616,Benton,Oregon,,,,21,pan trap,PW,109,8/23/2018 11:15,8/23/2018 11:00
15848069,8/23/2018,793138,"Benton County, OR",44.711711,-123.365616,Benton,Oregon,,,,2,net,PW,110,8/23/2018 11:15,8/23/2018 11:07
15864085,8/24/2018,754260,"3598 NE Lancaster St, Corvallis, OR 97330, USA",44.60414936,-123.2403503,Benton,Oregon,Perideridia gairdneri,,Jackson-Frazier Wetland entry,1,net,EW,152,,
15878216,8/25/2018,808137,"Oregon State University, Corvallis, OR, US",44.5598311,-123.28886,Benton,Oregon,Asteraceae,,,6,net,RM,15,,
15878666,8/25/2018,175529,"Oregon State University, Corvallis, OR, US",44.55977645,-123.2883177,Benton,Oregon,Cosmos,,OSU Oak Creek,10,net,JLP,67,,
15881196,8/25/2018,808137,"Smith Ln, Corvallis, OR, US",44.56568062,-123.2408261,Linn,Oregon,,,,5,net,RM,13,,
15881239,8/25/2018,175529,"Smith Ln, Corvallis, OR, US",44.56567052,-123.2405765,Linn,Oregon,Asteraceae,,OSU Organic Gardening club,5,net,JLP,68,,
15892302,8/25/2018,754260,"3334 NW Covey Run, Corvallis, OR 97330, USA",44.59934833,-123.3150069,Benton,Oregon,Asclepias fascicularis,,backyard,5,net,EW,153,,
15903786,8/25/2018,754260,"3334 NW Covey Run, Corvallis, OR 97330, USA",44.59925263,-123.3150127,Benton,Oregon,Gaillardia aristata,,backyard,6,net,EW,154,,
15913747,8/21/2018,800960,,,,,,,,,,net,,,,
15915741,8/17/2018,843723,"Deschutes Co, near Sisemore Rd.",44.2151,-121.4644,Deschutes,Oregon,Ericameria nauseosa,,"Deschutes Co, near Sisemore Rd.D",8,net,RLP,167,,
15916211,8/19/2018,843723,"Deschutes Co, Bend, Tumalo, 18925 Pinehurst Rd.",44.1459,-121.3766,Deschutes,Oregon,Verbascum thapsus,,"Deschutes Co, Bend,18925 Pinehurst Rd.",23,pan trap,RLP,168,"August 19, !0:00","August 21, 8:00"
15916564,8/20/2018,843723,"Deschutes Co, Bend, Tumalo, 18925 Pinehurst Rd.",44.1459,-121.3766,Deschutes,Oregon,Verbascum thapsus,,"Deschutes Co, Bend, 18925 Pinehurst Rd.",12,pan trap,RLP,169,8/20/2018 9:00,8/21/2018 8:00
15924898,8/26/2018,754260,"NE Smith Ln, Corvallis, OR 97333, USA",44.56576156,-123.2406885,Linn,Oregon,Monarda fistulosa,,OSU organic student farm,3,net,EW,155,,
15925121,8/21/2018,843723,"Deschutes Co, Bend, Tumalo, 18925 Pinehurst Rd.",44.1459,-121.3766,Deschutes,Oregon,Verbascum thapsus,,"Deschutes County, Bend, Tumalo, 18925 Pinehurst Road.",1,net,GP,163,,
15925428,8/22/2018,843723,"Deschutes Co, Bend, Tumalo, Allen Rd.",44.1618,-121.3838,Deschutes,Oregon,Solidago,,"Deschutes County, Bend, Tumalo, Allen Road",12,pan trap,GP,164,August 22 at 10:00,August 23 at 14:00
15925520,8/22/2018,843723,"Deschutes Co, Bend, Tumalo, Mock Rd.",44.1494,-121.3636,Deschutes,Oregon,Ericameria nauseosa,,"Deschutes County, Bend, Tumalo, Mock Road",1,pan trap,GP,165,August 22 at 09:30,August 23 at 14:30
15925587,8/26/2018,843723,"Deschutes Co, Bend, Tumalo, Allen Rd.",44.1597,-121.3838,Deschutes,Oregon,Solidago,,"Deschutes County, Bend, Tumalo, Allen Road",6,net,GP,166,,
15926086,8/26/2018,754260,"NE Smith Ln, Corvallis, OR 97333, USA",44.56567135,-123.2405946,Linn,Oregon,Symphyotrichum hallii,,OSU organic student farm,1,net,EW,156,,
15927247,8/26/2018,754260,"2820 NW Orchard Ave, Corvallis, OR 97330, USA",44.56774993,-123.2820466,Benton,Oregon,Helenium autumnale,,"OSU, Cordley Hall pollinator garden, west entrance",13,net,EW,157,,
15927288,8/23/2018,843723,"Deschutes Co, Eagle Crest Resort, River Trail",44.2643,-121.2562,Deschutes,Oregon,Ericameria nauseosa,,"Deschutes Co., Eagle Crest  River Trail",11,net,RLP,170,,
15963803,8/27/2018,754260,"Benton County, US-OR, US",44.5992508,-123.3153317,Benton,Oregon,Romneya coulteri,,backyard,2,net,EW,158,,
15964648,8/27/2018,754260,"3334 NW Covey Run, Corvallis, OR 97330, USA",44.59902633,-123.3150688,Benton,Oregon,Spiraea betulifolia,,backyard,7,net,EW,159,,
15978616,8/28/2018,816767,"17701 SW Gopher Valley Rd, Sheridan, OR, US",45.13361691,-123.373904,Yamhill,Oregon,Oenothera biennis,,gvr yd,7,net,jt,58,,
15979438,8/28/2018,816767,"17701 SW Gopher Valley Rd, Sheridan, OR, US",45.13391959,-123.3727971,Yamhill,Oregon,Anaphalis margaritacea,,gvr yd,13,net,jt,59,,
15980401,8/28/2018,816767,"17701 SW Gopher Valley Rd, Sheridan, OR, US",45.13395824,-123.3728223,Yamhill,Oregon,Grindelia integrifolia,,gvr yd,13,net,jt,60,,
15981482,8/28/2018,816767,"17701 SW Gopher Valley Rd, Sheridan, OR, US",45.13393087,-123.3730739,Yamhill,Oregon,,,gvr yd,15,net,jt,61,,
15982249,8/28/2018,816767,"17701 SW Gopher Valley Rd, Sheridan, OR, US",45.13399855,-123.372855,Yamhill,Oregon,,,,4,net,jt,62,,
15982915,8/28/2018,816767,"17701 SW Gopher Valley Rd, Sheridan, OR, US",45.13409046,-123.3728338,Yamhill,Oregon,Mentha,,gvr yd,15,net,jt,63,,
15983560,8/28/2018,816767,"17701 SW Gopher Valley Rd, Sheridan, OR, US",45.13402123,-123.3727795,Yamhill,Oregon,Agastache,,gvr yd,5,net,jt,64,,
15986829,8/28/2018,754260,"27901 W Leg Rd, Government Camp, OR 97028, USA",45.32559445,-121.7120815,Clackamas,Oregon,Eucephalus ledophyllus,,W Leg Rd at Timberline Hwy,2,net,EW,160,,
15987614,8/28/2018,754260,"27901 W Leg Rd, Government Camp, OR 97028, USA",45.3194532,-121.7155552,Clackamas,Oregon,Anaphalis margaritacea,,"W Leg Rd, 1 mi SW of Timberline Hwy",2,net,EW,161,,
15987712,8/28/2018,754260,"27901 W Leg Rd, Government Camp, OR 97028, USA",45.31984285,-121.7156054,Clackamas,Oregon,Eucephalus ledophyllus,,"W Leg Rd, 1 mi SW of Timberline Hwy",2,net,EW,162,,
15988312,8/28/2018,754260,"27901 W Leg Rd, Government Camp, OR 97028, USA",45.31968022,-121.7154276,Clackamas,Oregon,Chamaenerion angustifolium,,"W Leg Rd, 1 mi SW of Timberline Hwy",5,net,EW,163,,
16012945,8/29/2018,754260,"2989 NW Shooting Star Dr, Corvallis, OR 97330, USA",44.59790526,-123.284582,Benton,Oregon,Daucus carota,,Chepenefa Springs Park,9,net,EW,164,,
16013634,8/29/2018,754260,"2989 NW Shooting Star Dr, Corvallis, OR 97330, USA",44.59762684,-123.2846239,Benton,Oregon,Grindelia integrifolia,,Chepenefa Springs Park,17,net,EW,165,,
16053103,8/30/2018,754260,"2879 NW Daylily Ave, Corvallis, OR 97330, USA",44.59768393,-123.287297,Benton,Oregon,Grindelia integrifolia,,Chepenefa Springs Park,8,net,EW,166,,
16054624,8/30/2018,754260,"3547 NE Lancaster St, Corvallis, OR 97330, USA",44.60388489,-123.2399675,Benton,Oregon,Grindelia integrifolia,,Jackson-Frazier Wetland entry,6,net,EW,167,,
16057779,8/30/2018,754260,"East Greenhouse, 2801 SW Campus Way, Corvallis, OR 97331, USA",44.56690254,-123.2827893,Benton,Oregon,Grindelia integrifolia,,OSU East Greenhouse pollinator garden,3,net,EW,168,,
16148657,9/2/2018,754260,"3334 NW Covey Run, Corvallis, OR 97330, USA",44.59934399,-123.3157027,Benton,Oregon,Symphyotrichum subspicatum,,backyard,27,net,EW,169,,
16183159,9/3/2018,754260,"2879 NW Daylily Ave, Corvallis, OR 97330, USA",44.59778557,-123.2873178,Benton,Oregon,Baccharis pilularis,,Chepenefa Springs Park,13,net,EW,170,,
16219384,9/4/2018,754260,"NF-038, Foster, OR 97345, USA",44.40383045,-122.1584698,Linn,Oregon,Cirsium remotifolium,,"Iron Mtn, Civil Rd 1.9 mi N of S Santiam Hwy 20.",1,net,EW,171,,
16219451,9/4/2018,754260,"Linn County, US-OR, US",44.40183241,-122.0879021,Linn,Oregon,Chamaenerion angustifolium,,S Santiam Hwy 20 at NF-055,3,net,EW,172,,
16219459,9/4/2018,754260,"Linn County, US-OR, US",44.41294445,-122.0816056,Linn,Oregon,Ericameria greenei,,"NF-055, about 2 mi NE of S Santiam Hwy 20",1,net,EW,173,,
16237856,9/5/2018,754260,"66946 Sagebrush Ln, Bend, OR 97701, USA",44.22372421,-121.4441471,Deschutes,Oregon,Ericameria nauseosa,,Hwy 20 at Sagebrush Lane,1,net,EW,174,,
16240455,9/5/2018,754260,"NF-1012, Sisters, OR 97759, USA",44.33090975,-121.6161895,Deschutes,Oregon,Ericameria nauseosa,,"Cold Springs Cutoff Rd, about 1 mi SW of S Santiam Hwy 20",19,net,EW,175,,
16241407,9/4/2018,843723,"Deschutes Co., Bend, Tumalo, 18925 Pinehurst Rd.",44.1465,-121.3777,Deschutes,Oregon,Astereae,,"Deschutes County, Bend, Tumalo, 18925 Pinehurst Road",38,net,GP,170,,
16263375,9/6/2018,861496,"7224–7298 Thunderbird Ct, Redmond, OR, US",44.26419002,-121.2561106,Deschutes,Oregon,Ericameria teretifolia,,Eagle Crest,3,net,NP,,,
16264742,9/6/2018,858490,"6600 Falcon Crest Dr, Redmond, OR 97756, USA",44.26299342,-121.254425,Deschutes,Oregon,,,"Redmond, Eagle Crest Resort, along road",11,net,hw,23,,
16285267,9/6/2018,843723,"Deschutes Co, Eagle Crest Resort",44.2632,-121.2549,Deschutes,Oregon,Ericameria nauseosa,,"Deschutes County, Eagle Crest Resort, Redtail Hawk Drive",18,net,GP,171,,
16335937,9/8/2018,754260,"2879 NW Daylily Ave, Corvallis, OR 97330, USA",44.59764551,-123.2873382,Benton,Oregon,Baccharis pilularis,,Chepenefa Springs Park,5,net,EW,176,,
16336081,9/8/2018,754260,"2879 NW Daylily Ave, Corvallis, OR 97330, USA",44.59770508,-123.287351,Benton,Oregon,Grindelia integrifolia,,Chepenefa Springs Park,15,net,EW,177,,
16371170,9/9/2018,754260,"3334 NW Covey Run, Corvallis, OR 97330, USA",44.599209,-123.3157835,Benton,Oregon,Symphyotrichum subspicatum,,backyard,13,net,EW,178,,
16373515,9/9/2018,792083,"Smith Ln, Corvallis, OR, US",44.56568896,-123.2408451,Linn,Oregon,Symphyotrichum,,ORGS student farm,2,net,KDZ,26,,
16508172,9/13/2018,843723,"Deschutes Co, Bend, Tumalo, 18925 Pinehurst Rd.",44.1465,-121.3777,Deschutes,Oregon,Ericameria nauseosa,,"Deschutes County, Bend, Tumalo, 18925 Pinehurst Road",35,net,GP,172,,
16539231,9/14/2018,843723,Deschutes Co. Redmond Fairgrounds,44.2385,-121.1827,Deschutes,Oregon,Sphaeralcea ambigua,,"Deschutes County, Redmond Fairgrounds",3,net,GP,173,,
16539287,9/14/2018,843723,"Deschutes Co. Bend, Sturgeon Rd.",44.1633,-121.3187,Deschutes,Oregon,Ericameria nauseosa,,"Deschutes County, Bend, Sturgeon Road",12,net,GP,174,,
16554941,8/29/2018,843723,"Deschutes Co., Sizemore Rd.,South end",44.1343,-121.4203,Deschutes,Oregon,Chrysothamnus viscidiflorus,,"Deschutes Co., Sizemore Rd.",8,net,RLP,172,,
16555270,9/3/2018,843723,"Deschutes Co., Bend, 18925 Pinehurst Rd.",44.1465,-121.3777,Deschutes,Oregon,Ericameria nauseosa,,"Deschutes Co., Bend, Pinehurst Rd.",7,net,RLP,173,,
16555473,9/6/2018,843723,"Deschutes Co., Eagle Crest Resort, Red Tail Hawk Dr.",44.2632,-121.2549,Deschutes,Oregon,Ericameria nauseosa,,"Deschutes Co., Eagle Crest Resort",5,net,RLP,174,,
16555876,9/13/2018,843723,"Deschutes Co., Bend, 18925 Pinehurst Rd.",44.26321465,-121.3777,Deschutes,Oregon,Ericameria nauseosa,,"Deschutes Co., Bend, Pinehurst Rd.",21,net,RLP,175,,
16556207,9/14/2018,843723,"Deschutes Co., Bend, Sturgeon Rd.",44.1633,-121.3187,Deschutes,Oregon,Ericameria nauseosa,,"Deschutes Co., Bend, Sturgeon Rd.",8,net,RLP,176,,
16613266,9/16/2018,792083,"28655 Highway 34, Corvallis, OR, US",44.56532167,-123.238495,Linn,Oregon,,,ORGS farm,1,net,KDZ,27,,
16640951,9/17/2018,754260,"3434 NE Oxford Cir, Corvallis, OR 97330, USA",44.60330326,-123.2408205,Benton,Oregon,Grindelia integrifolia,,Jackson-Frazier Wetland entry,2,net,EW,179,,
16669884,9/18/2018,754260,"3334 NW Covey Run, Corvallis, OR 97330, USA",44.59920368,-123.3156444,Benton,Oregon,Symphyotrichum subspicatum,,backyard,14,net,EW,180,,
16672653,9/18/2018,754260,"3334 NW Covey Run, Corvallis, OR 97330, USA",44.59928376,-123.3150537,Benton,Oregon,Asclepias fascicularis,,backyard,18,net,EW,181,,
16730239,9/20/2018,858490,"Deschutes County, US-OR, US",44.26332177,-121.2546244,Deschutes,Oregon,,,,8,net,hw,24,,
16730385,9/20/2018,754260,"2873 NW Daylily Ave, Corvallis, OR 97330, USA",44.59768691,-123.2873019,Benton,Oregon,Baccharis pilularis,,Chepenefa Springs Park,15,net,EW,182,,
16730647,9/20/2018,858490,"Deschutes County, US-OR, US",44.26324899,-121.2548417,Deschutes,Oregon,,,,7,net,hw,25,,
16731332,9/20/2018,858490,"7305 Robin Ct, Redmond, OR 97756, USA",44.26352668,-121.2553092,Deschutes,Oregon,,,,5,net,hw,26,,
16731607,9/20/2018,792468,"12125 SE Burns Rd, McMinnville, OR, US",45.17110888,-123.1856954,Yamhill,Oregon,Cosmos,,"McMinnville, O'Loughlin Farms",13,net,Mol,601,,
16731630,9/20/2018,792468,"12125 SE Burns Rd, McMinnville, OR, US",45.17111436,-123.1855682,Yamhill,Oregon,Salvia,,McMinnville O'Loughlin Farms,1,net,Mol,602,,
16731997,9/20/2018,792468,"12125 SE Burns Rd, McMinnville, OR, US",45.17119445,-123.18559,Yamhill,Oregon,Symphyotrichum,,"McMinnville, O'Loughlin Farms",16,net,Mol,603,,
16735025,9/14/2018,843723,"Deschutes Co, Bend, Sturgen Rd.",44.1633,-121.3187,Deschutes,Oregon,Ericameria nauseosa,,"Deschutes Co, Bend, Sturgen Rd.",8,net,RLP,176,,
16735293,9/16/2018,843723,"Wheeler Co,Hwy. 19, Mule Shoe Campground",44.806703,-119.968173,Wheeler,Oregon,Ericameria nauseosa,,"heeler Co,Hwy. 19, Mule Shoe Campground",5,net,RLP,177,,
16735337,9/16/2018,843723,"Wheeler Co,Hwy. 19, Mule Shoe Campground",44.806703,-119.968173,Wheeler,Oregon,Eriogonum niveum,,"heeler Co,Hwy. 19, Mule Shoe Campground",1,net,RLP,178,,
16735400,9/16/2018,843723,"Wheeler Co,Hwy. 19, Mule Shoe Campground",44.806703,-119.968173,Wheeler,Oregon,Ericameria nauseosa,,"heeler Co,Hwy. 19, Mule Shoe Campground",2,net,RLP,179,,
16735514,9/16/2018,843723,"Wheeler Co, Hwy.19, East of Service Crk.",44.806703,-119.946,Wheeler,Oregon,Eriogonum flavum flavum,,"Wheeler Co, Hwy.19, East of Service Crk.",2,net,RLP,180,,
16756371,9/17/2018,843723,Wheeler Co. Winlock Lane,44.9117,-119.8688,Wheeler,Oregon,Ericameria nauseosa,,Wheeler Co. Winlock Lane,6,net,RLP,181,,
16756517,9/17/2018,843723,Wheeler Co. Winlock Lane,44.9117,-119.8688,Wheeler,Oregon,Helianthus,,Wheeler Co. Winlock Lane,7,net,RLP,182,,
16756927,9/17/2018,843723,"Wheeler Co., Hwy 19, Shelton Co. Park",44.8942,-120.0719,Wheeler,Oregon,Polygonum,,"Wheeler Co., Hwy 19, Shelton Co. Park",3,net,RLP,183,,
16757207,9/17/2018,843723,"Wheeler Co., Hwy 19, Butte Crk. Pass",44.9333,-120.1168,Wheeler,Oregon,Cirsium vulgare,,"Wheeler Co., Hwy 19, Butte Crk. Pass",9,net,RLP,184,,
16757508,9/17/2018,843723,"Wheeler Co., Hwy 19",44.9365,-120.1219,Wheeler,Oregon,Dipsacus,,"Wheeler Co, Hwy.19",4,net,RLP,185,,
16757699,9/17/2018,843723,"Wheeler Co., Hwy 19, Fossil",44.9657,-120.1422,Wheeler,Oregon,Ericameria nauseosa,,"Wheeler Co., Hwy 19, Fossil",3,net,RLP,186,,
16758179,9/17/2018,843723,"Wheeler Co., Hwy 207, North of Spray",44.8485,-119.744,Wheeler,Oregon,Helianthus,,"Wheeler Co., Hwy 207, North of Spray",9,net,RLP,187,,
16758583,9/18/2018,843723,"Wheeler Co., USFS Rd. 2039, Bull Prairie Rd.",44.9555,-119.6923,Wheeler,Oregon,Cirsium,,"Wheeler Co., USFS Rd. 2039",4,net,RLP,188,,
16758943,9/18/2018,843723,"Morrow Co. Hwy 207, South of Hardman",45.135,-119.6658,Morrow,Oregon,Grindelia,,"Morrow Co. Hwy 207, South of Hardman",7,net,RLP,189,,
16759208,9/18/2018,843723,"Morrow Co. Hwy 207, South of Hardman",45.135,-119.6658,Morrow,Oregon,Ericameria nauseosa,,"Morrow Co. Hwy207, S. Hardman",11,net,RLP,190,,
16759509,9/18/2018,843723,"Morrow Co. Hwy 207, South of Hardman",45.194,-119.7073,Morrow,Oregon,Ericameria nauseosa,,"Morrow Co. Hwy207, S. Hardman",7,net,RLP,191,,
16759922,9/18/2018,843723,"Gilliam Co. Hwy 206, East of Condon",45.2413,-120.0327,Gilliam,Oregon,Ericameria nauseosa,,"Gilliam Co. Hwy 206, East of Condon",8,net,RLP,192,,
16760418,9/19/2018,843723,"Wasco Co. Hwy 218, East of Antelope",44.9152,-120.5379,Wasco,Oregon,Ericameria nauseosa,,"Wasco Co. Hwy 218, East of Antelope",8,net,RLP,193,,
16761901,9/16/2018,843723,"Wheeler Co. Muleshoe CG, Hwy 19",44.8067,-119.9681,Wheeler,Oregon,Ericameria nauseosa,,"Wheeler County, Muleshoe Campground, Highway 19",12,net,GP,175,,
16762060,9/16/2018,843723,"Wheeler Co. Muleshoe CG, Hwy 19",44.8067,-119.9681,Wheeler,Oregon,Eriogonum niveum,,"Wheeler County,  Muleshoe Campground, Highway 19",2,net,GP,176,,
16762161,9/16/2018,843723,Wheeler Co. Hwy 19 East of Service Crk.,44.8102,-119.9097,Wheeler,Oregon,Helianthus,,"Wheeler County, Highway 19, East of Service Creek",3,net,GP,177,,
16762364,9/17/2018,843723,"Wheeler Co., Alder Crk. Rd.",44.8261,-119.9548,Wheeler,Oregon,Mentzelia laevicaulis,,"Wheeler County, Alder Creek Road",2,net,GP,178,,
16762693,9/17/2018,843723,"Wheeler Co., Hwy 19, near Shelton Wayside Pk.",44.8942,-120.0719,Wheeler,Oregon,Polygonum,,"Wheeler County, Highway 19, near Shelton Wayside Park",2,net,GP,180,,
16763180,9/17/2018,843723,"Wheeler Co., Hwy 19, Butte Crk. Pass",44.9333,-120.1168,Wheeler,Oregon,Cirsium,,"Wheeler County, Highway 19, Butte Creek Pass 19, Shelton Wayside Park",5,net,GP,181,,
16763783,9/17/2018,843723,"Wheeler Co., Hwy 19 near Fossil",44.9657,-120.1422,Wheeler,Oregon,Ericameria nauseosa,,"Wheeler County, Highway 19, near Fossil",14,net,GP,182,,
16764001,9/18/2018,843723,"Wheeler Co., Bull Prairie Rd., USFS#2039",44.9555,-119.6923,Wheeler,Oregon,Cirsium vulgare,,"Wheeler County, Bull Prairie Road., United States Forest Service Road 2039",4,net,GP,183,,
16764262,9/18/2018,843723,"Morrow Co., Hwy 207 S. of Hardman",45.135,-119.6658,Morrow,Oregon,Grindelia,,"Morrow County, Highway 207 South of Hardman",15,net,GP,184,,
16764468,9/18/2018,843723,"Morrow Co., Hwy 207 S. of Hardman",44.9555,-119.6923,Wheeler,Oregon,Ericameria nauseosa,,"Morrow County, Highway 207 South of Hardman",14,net,GP,185,,
16764627,9/18/2018,843723,"Morrow Co., Hwy 207 N. of Hardman",45.194,-119.7073,Morrow,Oregon,Ericameria nauseosa,,"Morrow County, Highway 207 north of Hardman",6,net,GP,186,,
16764760,9/18/2018,843723,"Gilliam Co., Hwy 206 E. of Condon",45.2413,-120.0327,Gilliam,Oregon,Ericameria nauseosa,,"Gilliam County, Highway 206 East of Condon",12,net,GP,187,,
