id,observed_on,user_id,place_guess,latitude,longitude,place_town_name,scientific_name,field:location name,field:number of bees collected,field:oba collection method,field:oba collector id,field:sample id,field:trap installed,field:trap removed
10299013,3/18/2018,429964,"3070 SW Morris Ave, Corvallis, OR 97333, USA",44.55552457,-123.2854209,,,bumble bee flew into my house,1,net,apm,1,,
10330143,3/20/2018,429964,"2824 NW Orchard Ave, Corvallis, OR 97330, USA",44.56745898,-123.2832032,,Osmanthus × burkwoodii,OSU pollinator garden,3,net,apm,2,,
10330837,3/20/2018,429964,"NE Smith Ln, Corvallis, OR 97333, USA",44.56543029,-123.2409816,,Salix,OSU organic club farm,5,net,apm,3,,
10404883,3/14/2018,175529,"1255 NW Highland Dell Dr, Corvallis, OR, US",44.60300738,-123.2644865,,Berberis aquifolium,,2,net,JLP,1,,
10404922,3/19/2018,175529,"3700 NW Highland Dr, Corvallis, OR, US",44.60316361,-123.2649772,,Berberis aquifolium,,1,net,JLP,3,,
10412271,3/19/2018,175529,"1255 NW Highland Dell Dr, Corvallis, OR, US",44.60299581,-123.2643803,,Forsythia,,1,net,JLP,2,,
10493350,3/29/2018,816767,"17501 SW Gopher Valley Rd, Sheridan, OR, US",45.13355251,-123.3749765,,Salix,McConnell,2,net,jt,3,,
10493720,3/29/2018,816767,"17501 SW Gopher Valley Rd, Sheridan, OR, US",45.13352979,-123.3749312,,Berberis aquifolium,McConnell,1,net,jt,2,,
10494118,3/29/2018,816767,"Yamhill County, US-OR, US",45.13371139,-123.3730467,,Ericaceae,gvr,1,net,jt,1,,
10494828,3/29/2018,816767,"17701 SW Gopher Valley Rd, Sheridan, OR, US",45.13419996,-123.3732355,,Arctostaphylos densiflora,gvr,2,net,jt,4,,
10496035,3/29/2018,792468,"12125 SE Burns Rd, McMinnville, OR, US",45.17172506,-123.1861913,,Acer macrophyllum,McMinnville O'Loughlin Farms,2,net,Mol,1,,
10496093,3/29/2018,792468,"12125 SE Burns Rd, McMinnville, OR, US",45.17252639,-123.1853538,,Salix,O'Loughlin Farms,2,net,Mol,2,,
10496679,3/29/2018,754260,"3334 NW Covey Run, Corvallis, OR 97330, USA",44.59890375,-123.3154306,,Arctostaphylos densiflora,backyard,5,net,EW,1,,
10497653,3/29/2018,792468,"12125 SE Burns Rd, McMinnville, OR, US",45.17098121,-123.1860797,,Prunus salicina,O'Loughlin Farms,1,net,Mol,5,,
10497683,3/29/2018,792468,"12125 SE Burns Rd, McMinnville, OR, US",45.17100501,-123.186222,,Pyrus,O'Loughlin Farms,3,net,Mol,4,,
10497898,3/29/2018,792468,mcminnville oregon,45.173867,-123.180494,,Salix,O'Loughlin Farms,2,net,Mol,3,,
10507934,3/29/2018,429964,"17701 Gopher Valley Rd, Sheridan, OR 97378, USA",45.13395608,-123.3727218,,Arctostaphylos,,1,net,jt,4,,
10507984,3/29/2018,429964,"17701 Gopher Valley Rd, Sheridan, OR 97378, USA",45.13396833,-123.372543,,Arctostaphylos densiflora,,1,net,apm,4,,
10515339,3/30/2018,792083,"Smith Ln, Corvallis, OR, US",44.56537615,-123.2408774,,Salix lasiandra,ORGS student farm,2,net,KDZ,1,,
10517115,3/30/2018,792083,"Smith Ln, Corvallis, OR, US",44.56553616,-123.240802,,Berberidaceae,,,net,,,,
10529001,3/31/2018,429964,"Coos County, US-OR, US",43.39458552,-124.2532426,,Lithodora diffusa,,1,net,apm,5,,
10534415,3/31/2018,792468,"12104 SE Burns Rd, McMinnville, OR, US",45.17146923,-123.1865218,,Taraxacum,O'Loughlin Farms,2,net,Mol,6,,
10534831,3/31/2018,429964,"2075 Overleaf Loop, Yachats, OR 97498, USA",44.32433021,-124.1038733,,Ceanothus gloriosus,,6,net,apm,6,,
10535374,3/31/2018,792468,"12125 SE Burns Rd, McMinnville, OR, US",45.17087374,-123.1862008,,Lonicera caerulea,O'Loughlin Farms,11,net,Mol,7,,
10556591,3/31/2018,429964,"804 Trail, Yachats, OR 97498, USA",44.32584701,-124.1035201,,Salix,,3,net,apm,7,,
10557681,4/1/2018,754260,"3334 NW Covey Run, Corvallis, OR 97330, USA",44.59921851,-123.3158353,,,backyard,1,net,EW,2,,
10597210,4/3/2018,823959,"Eugene, OR  97405, Eugene, OR, US",43.95330205,-123.1451552,,Lamium purpureum,Work,1,net,NS,4,,
10602999,4/3/2018,175529,"1255 NW Highland Dell Dr, Corvallis, OR, US",44.60299401,-123.2644322,,Berberis aquifolium,,2,net,JLP,4,,
10622496,4/4/2018,792468,"12127–14043 SE Burns Rd, McMinnville, OR, US",45.16780279,-123.1847682,,Brassica rapa,French's property,5,net,Mol,8,,
10622586,4/4/2018,792468,"12127–14043 SE Burns Rd, McMinnville, OR, US",45.16780362,-123.1848865,,Raphanus,O'Loughlin Farms,3,net,Mol,9,,
10623567,4/4/2018,792468,"12100 SE Burns Rd, McMinnville, OR, US",45.17147723,-123.186601,,,O'Loughlin Farms,2,net,Mol,10,,
10624405,4/4/2018,819248,"314 N 7th St, Carlton, OR, US",45.29535516,-123.1696701,,Apis mellifera,Cherry Blossom Trees -Carlton,1,net,MW,MW1,,
10627113,3/12/2018,271351,Luckiamute State Natural Are,44.73161,-123.15276,,Berberis aquifolium,Luckiamute State Natural Area,1,net,TER,1,,
10627298,3/12/2018,271351,Luckiamute State Natural Area,44.735226,-123.148284,,Salix,Luckiamute State Natural Area,1,net,JAB,1,,
10636586,4/4/2018,175529,"311 NW Lewisburg Ave, Corvallis, OR, US",44.6306001,-123.2468893,,Salicaceae,,1,net,JLP,5,,
10637716,3/19/2018,271351,Luckiamute State Natural Area,44.736316,-123.147275,,Bellis perennis,Luckiamute State Natural Area,1,net,TER,2,,
10642156,3/20/2018,271351,Minto-Brown Island Park,44.918991,-123.078262,,Berberis aquifolium,Minto-Brown Island Park,1,net,TER,3,,
10643243,3/30/2018,271351,Luckiamute State Natural Area,44.73161,-123.15276,,,Luckiamute State Natural Area,1,net,TER,4,,
10643289,3/30/2018,271351,Luckiamute State Natural Area,44.73161,-123.15276,,Berberis aquifolium,Luckiamute State Natural Area,2,net,TER,5,,
10643342,3/30/2018,271351,Luckiamute State Natural Area,44.73396,-123.14907,,Salix,Luckiamute State Natural Area,2,net,TER,6,,
10644098,4/5/2018,754260,"3334 NW Covey Run, Corvallis, OR 97330, USA",44.59915206,-123.3150268,,,backyard,2,net,EW,3,,
10653940,4/5/2018,819248,"6451 NE Hilltop Ln, Dayton, OR, US",45.25825705,-123.0743143,,Ribes sanguineum,Winters Hill,1,net,MW,2,,
10665863,4/6/2018,792468,"12275 SE Burns Rd, McMinnville, OR, US",45.17127468,-123.1861223,,Elaeagnus multiflora,O'Loughlin Farms,2,net,Mol,11,,
10665872,3/29/2018,752114,"Jefferson, OR  97352, Jefferson, OR, US",44.78583933,-123.0164383,,Sphecodes puncticeps,Jefferson Farm. Heritage Seedlings.,2,net,STephanie Hazen,SH8,,
10666295,4/6/2018,792468,"12125 SE Burns Rd, McMinnville, OR, US",45.1710387,-123.1857406,,Ribes rubrum,O'Loughlin Farms,1,net,Mol,12,,
10666350,4/6/2018,792468,"12125 SE Burns Rd, McMinnville, OR, US",45.1708779,-123.186305,,Grossulariaceae,O'Loughlin Farms,3,net,Mol,13,,
10666518,4/6/2018,754260,"3334 NW Covey Run, Corvallis, OR 97330, USA",44.5989316,-123.3152746,,Berberis repens,backyard,4,net,EW,4,,
10666968,4/6/2018,792468,"12125 SE Burns Rd, McMinnville, OR, US",45.1711638,-123.1859622,,Narcissus,O'Loughlin Farms,1,net,Mol,14,,
10669493,4/6/2018,792468,"12125 SE Burns Rd, McMinnville, OR, US",45.17090872,-123.1857904,,Ribes sanguineum,O'Loughlin Farms,1,net,Mol,15,,
10669799,4/6/2018,792468,"12125 SE Burns Rd, McMinnville, OR, US",45.17153798,-123.1854057,,Amelanchier alnifolia,O'Loughlin Farms,1,net,Mol,16,,
10670013,4/6/2018,792468,"12275 SE Burns Rd, McMinnville, OR, US",45.17126039,-123.1866378,,Forsythia,O'Loughlin Farms,1,net,Mol,16,,
10688898,4/6/2018,175529,"1255 NW Highland Dell Dr, Corvallis, OR, US",44.60310771,-123.2650981,,Berberis aquifolium,,1,net,JLP,6,,
10708005,3/11/2018,800960,"41010 SE Louden Rd, Corbett, OR, US",45.50324628,-122.2408819,,Bombus,,1,net,Pa,1,,
10708415,4/4/2018,800960,"42338 E Larch Mountain Rd, Corbett, OR, US",45.52134667,-122.2337717,,Andrena,"42338 E Larch Mt Rd Corbett,Or",1,net,Pa,3,,
10735646,4/9/2018,792468,"3001–3099 Middlebrook Dr, Newberg, OR, US",45.31342685,-122.9484215,,Prunus,,2,net,Mol,18,,
10735698,4/9/2018,792468,"3006 Middlebrook Dr, Newberg, OR, US",45.31350265,-122.948441,,Rosmarinus officinalis,,1,net,Mol,19,,
10736606,4/9/2018,792468,"12125 SE Burns Rd, McMinnville, OR, US",45.17106375,-123.1859993,,Hydrangea macrophylla,O'Loughlon Farms,1,net,Mol,20,,
10736630,4/9/2018,792775,"Yamhill County, US-OR, US",45.1706325,-123.186087,,Ribes rubrum,O'Loughlin farms,5,net,dto,dto2,,
10736638,4/9/2018,792775,"12125 SE Burns Rd, McMinnville, OR 97128, USA",45.17243634,-123.1853743,,Salix,oloughlin farms,11,net,dto,dto3,,
10736653,4/9/2018,792775,"12125 SE Burns Rd, McMinnville, OR 97128, USA",45.17102894,-123.1859547,,Hydrangea macrophylla,O'Loughlin farms,1,net,dto,dto4,,
10739111,4/9/2018,754260,"3334 NW Covey Run, Corvallis, OR 97330, USA",44.59941624,-123.3156766,,Fragaria virginiana,backyard,1,net,EW,5,,
10739367,4/9/2018,792468,"12125 SE Burns Rd, McMinnville, OR, US",45.17422855,-123.1835729,,Prunus avium,O'Loughlin Farms,10,net,Mol,21,,
10739673,4/9/2018,792468,"12125 SE Burns Rd, McMinnville, OR, US",45.17494079,-123.1836261,,Erythronium,O'Loughlin Farms,1,net,Mol,22,,
10739674,4/9/2018,841568,"2436 Olive St, Eugene, OR 97405, USA",44.03282118,-123.0945414,,Cornus sericea,"my yard, 2436 Olive St, Eugene",2,net,LOH,1,,
10739684,4/9/2018,754260,"3334 NW Covey Run, Corvallis, OR 97330, USA",44.59899064,-123.3157444,,Pyrus communis,backyard,3,net,EW,6,,
10740135,4/9/2018,792468,"12125 SE Burns Rd, McMinnville, OR, US",45.17154383,-123.184047,,Raphanus,O'Loughlin Farms,1,net,Mol,23,,
10740140,4/9/2018,816767,"17701 SW Gopher Valley Rd, Sheridan, OR, US",45.1335272,-123.3727599,,Berberis aquifolium,gvr,2,net,jt,6,,
10740602,4/9/2018,792468,"12275 SE Burns Rd, McMinnville, OR, US",45.17069603,-123.1861524,,Pieris japonica,O'Loughlin Farms,1,net,Mol,24,,
10764343,4/10/2018,792468,"12680 SE Burns Rd, McMinnville, OR, US",45.16564046,-123.1864952,,Acer macrophyllum,O'Loughlin Farms,1,net,Mol,25,,
10818760,3/31/2018,793138,Rolling Hills Rd,44.759065,-123.232464,,,,1,net,PW,1,,
10818810,3/27/2018,793138,Rolling Hills Rd,44.759065,-123.232464,,,,1,net,PW,2,,
10818849,3/29/2018,793138,Rolling Hills Rd,44.759065,-123.232464,,,,1,pan trap,PW,3,,
10818877,3/31/2018,793138,Rolling Hills Rd,44.759065,-123.232464,,,,1,pan trap,PW,4,,
10819945,4/5/2018,793138,Rolling Hills Rd,44.759065,-123.232464,,,,4,pan trap,PW,5,4/4/2018 15:00,4/5/2018 8:50
10820023,4/7/2018,793138,Rolling Hills Rd,44.759065,-123.232464,,,,2,pan trap,PW,6,4/4/2018 15:00,4/7/2018 11:15
10828253,4/9/2018,793138,Rolling Hills Rd,44.759065,-123.232464,,,,5,pan trap,PW,7,4/9/2018 12:15,4/9/2018 15:45
10970652,4/14/2018,793138,Rolling Hills Rd,44.759065,-123.232464,,Taraxacum officinale,,2,net,PW,8,,
10988408,4/15/2018,841568,"2436 Olive St, Eugene, OR 97405, USA",44.03286594,-123.094287,,Ilex aquifolium,LOH yard,2,net,LOH,3,,
10992803,4/14/2018,841568,"Lane County, OR, USA",43.853892,-122.637524,,Mimulus guttatus,Lookout Point Reservior,1,net,LOH,2,,
11081813,4/17/2018,792468,"12125 SE Burns Rd, McMinnville, OR, US",45.17107918,-123.1859792,,Rheum rhabarbarum,"McMinnville, O'Loughlin Farms",4,net,Mol,26,,
11081897,4/17/2018,792468,"12125 SE Burns Rd, McMinnville, OR, US",45.17101295,-123.1858856,,Prunus avium,"McMinnville, O'Loughlin Farms",4,net,Mol,27,,
11083208,4/17/2018,792468,"12275 SE Burns Rd, McMinnville, OR, US",45.17130966,-123.1858797,,Taraxacum,"McMinnville, O'Loughlin Farms",8,net,Mol,28,,
11088180,4/17/2018,806535,"3774 Logsden Rd, Siletz, OR 97380, USA",44.73500809,-123.8607587,,Rhododendron indicum,home. 30 feet north side of house,3,net,rah,1,,
11134789,4/18/2018,792083,"640 SE Crystal Lake Dr, Corvallis, OR, US",44.55285307,-123.2607889,,Acer macrophyllum,Willamette Park along Willamette River.,1,net,KDZ,3,,
11135058,4/18/2018,792468,"12125 SE Burns Rd, McMinnville, OR, US",45.17086523,-123.18625,,Hyacinthoides,O'Loughlin Farms,1,net,Mol,29,,
11135442,4/18/2018,792468,"12125 SE Burns Rd, McMinnville, OR, US",45.17091387,-123.1859575,,Ribes nidigrolaria,O'Loughlin Farms,1,net,Mol,30,,
11136055,4/18/2018,792468,"12125 SE Burns Rd, McMinnville, OR, US",45.17086822,-123.1859419,,Malus x domestica,O'Loughlin Farms,2,net,Mol,31,,
11136237,4/18/2018,792468,"12275 SE Burns Rd, McMinnville, OR, US",45.1711946,-123.1860268,,Viburnum carlesii,O'Loughlin Farms,1,net,Mol,32,,
11137495,4/18/2018,792468,"12125 SE Burns Rd, McMinnville, OR, US",45.17418144,-123.1850714,,Amelanchier alnifolia,O'Loughlin Farms,1,net,Mol,33,,
11138583,4/18/2018,792468,"12125 SE Burns Rd, McMinnville, OR, US",45.1750203,-123.182888,,Prosartes hookeri,O'loughlin Farms,1,net,Mol,34,,
11141260,4/18/2018,429964,"2824 NW Orchard Ave, Corvallis, OR 97330, USA",44.56757934,-123.2830002,,Ceanothus,OSU,7,net,apm,8,,
11141292,4/18/2018,806535,"3774 Logsden Rd, Siletz, OR 97380, USA",44.73501527,-123.8606828,,Rhododendron,home. 30 feet from north side of house,4,net,rah,2,,
11180266,4/19/2018,524107,"3658 Upper River Rd, Grants Pass, OR, US",42.44645127,-123.3826795,,,Raptor Creek Farm,8,net,Rachel Nypaver (JoCo),RMN1,,
11183143,4/19/2018,806535,"3774 Logsden Rd, Siletz, OR 97380, USA",44.73501634,-123.8606648,,Cerastium glomeratum,home. 15 feet from north side of house,2,net,rah,3,,
11185469,4/19/2018,792468,"12275 SE Burns Rd, McMinnville, OR, US",45.17069661,-123.1860364,,Vaccinium,O'Loughlin Farms,4,net,Mol,35,,
11186002,4/19/2018,792083,"825 Vista Ave SE, Salem, OR, US",44.91153505,-123.0377302,,Crataegus monogyna,"Clark Creek Park, Mill Creek",3,net,KDZ,4,,
11187297,4/19/2018,754260,"3334 NW Covey Run, Corvallis, OR 97330, USA",44.59931842,-123.3148512,,Ribes sanguineum,backyard,4,net,EW,7,,
11187409,4/19/2018,792468,"12125 SE Burns Rd, McMinnville, OR, US",45.1745635,-123.1832631,,Heracleum maximum,O'loughlin Farms,8,net,Mol,36,,
11187966,4/19/2018,754260,"3334 NW Covey Run, Corvallis, OR 97330, USA",44.59907683,-123.3155583,,Arctostaphylos glauca,backyard,1,net,EW,8,,
11188667,4/19/2018,524107,,,,,Nemophila menziesii atomaria,,,net,,,,
11189379,4/19/2018,754260,"3334 NW Covey Run, Corvallis, OR 97330, USA",44.59897829,-123.3154386,,Arctostaphylos densiflora,backyard,1,net,EW,9,,
11190260,4/19/2018,175529,"3700 NW Highland Dr, Corvallis, OR, US",44.60311345,-123.2651745,,,,5,net,JLP,8,,
11190666,4/19/2018,175529,"3700 NW Highland Dr, Corvallis, OR, US",44.60317933,-123.264195,,Arctostaphylos columbiana,,1,net,JLP,9,,
11190845,4/19/2018,175529,"1255 NW Highland Dell Dr, Corvallis, OR, US",44.60300155,-123.2643634,,Berberis aquifolium,,,net,,,,
11220724,4/20/2018,858490,"811 SW 67th St, Redmond, OR 97756, USA",44.26748393,-121.2521029,,Ribes cereum,"Redmond, Eagle Crest Resort, river path",1,net,hw,1,,
11222406,4/20/2018,858490,"1140 Swallow Ln, Redmond, OR 97756, USA",44.26505678,-121.2502844,,Ribes cereum,"Redmond, Eagle Crest Resort, river path",1,net,hw,2,,
11223110,4/20/2018,858490,"1140 Swallow Ln, Redmond, OR 97756, USA",44.26472721,-121.2502879,,Ribes cereum,"Redmond, Eagle Crest Resort",2,net,hw,3,,
11223844,4/20/2018,861496,"6500 Falcon Crest Dr, Redmond, OR, US",44.25966643,-121.2491414,,Prunus triloba,Eagle Crest,1,net,NP,2,,
11223854,4/20/2018,858490,"1138 Swallow Ln, Redmond, OR 97756, USA",44.26402893,-121.2493535,,Ribes cereum,"Redmond, Eagle Crest Resort, river path",1,net,hw,4,,
11238203,4/20/2018,858275,"25415 Bachelor Ln, Bend, OR 97701, USA",44.08805896,-121.0562136,,,"Oregon, central, alfalfa",1,net,SA,6,,
11243183,4/20/2018,861496,"1700 Condor Dr, Redmond, OR, US",44.2600332,-121.262831,,Euphorbia,"Eagle Crest Resort, Redmond",1,net,NP,3,,
11284988,4/21/2018,792468,"6451 NE Hilltop Ln, Dayton, OR, US",45.25802053,-123.0744696,,Berberis aquifolium,"Dayton, Winters Hill Estate",7,net,Mol,37,,
11285588,4/21/2018,792468,"6451 NE Hilltop Ln, Dayton, OR, US",45.25796806,-123.074397,,Arctostaphylos adenotricha,"Dayton, Winters Hill Rsyaye",2,net,Mol,38,,
11285796,4/21/2018,175529,"1255 NW Highland Dell Dr, Corvallis, OR, US",44.60308847,-123.264119,,Arctostaphylos uva-ursi,,4,net,JLP,11,,
11286717,4/21/2018,792468,"6451 NE Hilltop Ln, Dayton, OR, US",45.25745588,-123.0756008,,Brassica rapa,"Dayton, Winters Hill Estate",8,net,Mol,39,,
11286903,4/21/2018,429964,"2824 NW Orchard Ave, Corvallis, OR 97330, USA",44.56755587,-123.2829928,,Ceanothus,osu,5,net,apm,9,,
11290415,4/21/2018,792468,"6451 NE Hilltop Ln, Dayton, OR, US",45.25735738,-123.0759321,,Marah oregana,"Dayton, Winters Hill Esyate",1,net,Mol,40,,
11291323,4/21/2018,792468,"6451 NE Hilltop Ln, Dayton, OR, US",45.2590248,-123.0738235,,Ribes sanguineum,Winter's Hill Estate,2,net,Mol,41,,
11291742,4/21/2018,792468,"6475 NE Hilltop Ln, Dayton, OR, US",45.26171733,-123.0715488,,Taraxacum,"Dayton, Winters Hill Estate",4,net,Mol,42,,
11291901,4/21/2018,792468,"Dayton, OR  97114, Dayton, OR, US",45.26200919,-123.0712839,,Dicentra formosa,"Dayton, Winters Hill Estate",1,net,Mol,43,,
11293629,4/21/2018,429964,"2708 NW Johnson Ave, Corvallis, OR 97330, USA",44.56846237,-123.2815094,,Andrena miserabilis,,12,net,apm,10,,
11294671,4/19/2018,271351,Luckiamute State Natural Area,44.73117,-123.15244,,Symphoricarpos albus,Luckiamute State natural Area,1,net,TER,7,,
11294733,4/19/2018,271351,Luckiamute State Natural Area,44.7326,-123.15124,,Berberis aquifolium,Luckiamute State Natural Area,1,net,TER,8,,
11294799,4/19/2018,271351,Luckiamute State Natural Area,44.73308,-123.15064,,Berberis aquifolium,Luckiamute State Natural Area,3,net,TER,9,,
11295056,4/19/2018,271351,"Polk County, US-OR, US",44.7372,-123.14677,,Salix,Luckiamute State Natural Area,1,net,TER,10,,
11295420,4/20/2018,271351,"Clackamas County, US-OR, US",45.28177,-122.74948,,,NWREC,1,net,TER,12,,
11295754,4/19/2018,271351,Luckiamute State Area,44.73117,-123.15244,,Taraxacum officinale,Luckiamute State Natural area,1,net,JAB,2,,
11295829,4/19/2018,271351,Luckiamute State Area,44.73117,-123.15244,,Bellis perennis,Luckiamute State Natural Area,1,net,JAB,3,,
11295918,4/19/2018,271351,Luckiamute State Area,44.7372,-123.14677,,Salix,Luckiamute State Natural Area,1,net,JAB,4,,
11296096,4/19/2018,271351,Luckiamute State Area,44.73892,-123.14405,,,Luckiamute State Natural area,1,vane trap,JAB,5,4/18/2018 13:55,4/19/2018 14:45
11296548,4/19/2018,271351,Luckiamute State Natural Area,44.73669,-123.14688,,Bellis perennis,Luckiamute State Natural Area,1,net,TER,11,,
11322664,4/19/2018,843723,tumalo bend oregon,44.18173,-121.317563,,Ribes cereum,Twin Bridges trailhead,6,net,GP,1,,
11323792,4/20/2018,843723,eagle crest resort oregon,44.267583,-121.255859,,Ribes cereum,Eagle Crest river trail,3,net,GP,2,,
11323902,4/20/2018,843723,eagle crest resort oregon,44.267522,-121.255065,,Ribes cereum,Eagle Crest river trail,3,net,GP,3,,
11324081,4/21/2018,843723,"Safeway Century Drive, Bend, Oregon",44.047323,-121.329507,,Ribes aureum,"Safeway, Century Dr.",2,net,GP,4,,
11324407,4/19/2018,843723,"twin bridges Rd, tumalo bend oregon",44.182155,-121.318167,,Ribes cereum,Twin Bridges trailhead,8,net,rlp,1,,
11324761,4/20/2018,843723,Eagle Crest Resort,44.267651,-121.255947,,Ribes cereum,Eagle Crest River Trail,3,net,rlp,2,,
11325687,4/21/2018,843723,"Safeway, Century Drive",44.047361,-121.330312,,Ribes aureum,Safeway Century Dr.,2,net,RLP,4,,
11326544,4/20/2018,843723,Eagle Crest Resort,44.267352,-121.254349,,Ribes cereum,Eagle Crest Resort,3,net,RLP,3,,
11336527,4/22/2018,754260,"3334 NW Covey Run, Corvallis, OR 97330, USA",44.59892746,-123.3154221,,Eschscholzia lobbii,backyard,2,net,EW,11,,
11337882,4/22/2018,754260,"3334 NW Covey Run, Corvallis, OR 97330, USA",44.59896011,-123.3153149,,,backyard,3,net,EW,12,,
11340559,4/22/2018,841568,"Lane County, US-OR, US",44.00711709,-123.0358914,,Eschscholzia californica,Lane Community College parking lot,4,net,LOH,4,,
11341258,4/22/2018,792468,"12275 SE Burns Rd, McMinnville, OR, US",45.16929152,-123.1851539,,Raphanus raphanistrum,"McMinnville, O'Loughlin Farms",6,net,Mol,44,,
11341608,4/22/2018,429964,"Marquam Trail, Portland, OR 97221, USA",45.51034033,-122.7193477,Portland,,,8,net,bls,tba,,
11369193,4/21/2018,806535,"Lincoln County, US-OR, US",44.73505971,-123.8608764,,,3774 logden road. near maple tree. found dead on driveway. probably looking for nesting site and got hit with weed whacker debris.,1,net,rah,5,,
11369249,4/21/2018,806535,"3774 Logsden Rd, Siletz, OR 97380, USA",44.73501454,-123.8607085,,Hyacinthoides non-scripta,"3774 logsdon road, siletz. home. sunny. 68 degrees f. light wind",1,net,rah,4,,
11370186,4/23/2018,841568,"2436 Olive St, Eugene, OR 97405, USA",44.032792,-123.094528,,,LOH yard,17,net,LOH,5,,
11371343,4/23/2018,806535,"3774 Logsden Rd, Siletz, OR 97380, USA",44.73489936,-123.8608694,,,"3774 logsdon road, siletz. home. maple tree at beginning of driveway. 70 degrees f. sunny. light wind.",2,net,rah,6,,
11371365,4/23/2018,806535,"3774 Logsden Rd, Siletz, OR 97380, USA",44.73507352,-123.8608851,,Taraxacum officinale,"3774 logsdon road. siletz. at end of driveway, near maple tree. 70 degrees f. light wind. sunny",1,net,rah,7,,
11372658,4/23/2018,816767,"17555 SW Gopher Valley Rd, Sheridan, OR, US",45.13267966,-123.3730415,,Amelanchier alnifolia,gvr,2,net,jt,7,,
11373013,4/23/2018,831425,"17701 SW Gopher Valley Rd, Sheridan, OR, US",45.13367551,-123.3735575,,Amelanchier alnifolia,Gvr,1,net,PEF,1,,
11373604,4/23/2018,831425,"17701 SW Gopher Valley Rd, Sheridan, OR, US",45.13396356,-123.3727607,,,Gvr,1,net,PEF,2,,
11374183,4/23/2018,831425,"17701 SW Gopher Valley Rd, Sheridan, OR, US",45.13387077,-123.3739649,,Bellis perennis,Gvr,1,net,PEF,3,,
11374659,4/23/2018,816767,"17701 SW Gopher Valley Rd, Sheridan, OR, US",45.1340074,-123.3727075,,,gvr,1,net,jt,9,,
11374706,4/23/2018,816767,"17701 SW Gopher Valley Rd, Sheridan, OR, US",45.13500673,-123.373893,,,gvr,1,net,jt,8,,
11384443,4/23/2018,841568,"Lane County, OR, USA",43.825143,-122.771581,,Barbarea orthoceras,Lost Creek,8,net,LOH,6,,
11384939,4/23/2018,841568,,,,,Pseudotsuga menziesii,Lost Creek Road,15,net,LOH,7,,
11403228,4/23/2018,843723,"Deschutes Co, Bend, Tumalo Resevoir",44.139086,-121.416512,,Salix,"Bend, Tumalo Resevoir Inlet",11,net,RLP,5,,
11403524,4/23/2018,843723,"Deschutes Co, Bend, Tumalo Resevoir",44.136352,-121.416387,,,Tumalo Reservoir,5,net,GP,5,,
11403582,4/24/2018,792083,"Oregon State University, Corvallis, OR, US",44.5675137,-123.2830167,,Ceanothus,,,net,,,,
11403738,4/24/2018,792083,"2708 NW Johnson Ave, Corvallis, OR, US",44.56854241,-123.2815486,,,"Johnson and 27th residence, unkempt lawn",2,net,KDZ,7,,
11403988,4/24/2018,175529,"311 NW Lewisburg Ave, Corvallis, OR, US",44.63185898,-123.2471058,,Prunus avium,Chintimini Wildlife Center,1,net,JLP,12,,
11408196,4/24/2018,175529,"1255 NW Highland Dell Dr, Corvallis, OR, US",44.60289644,-123.2650087,,Malus fusca,,1,net,JLP,13,,
11437093,4/25/2018,175529,"1301–1599 NW Highland Dell Dr, Corvallis, OR, US",44.60186295,-123.2663695,,Bellis,,1,net,JLP,14,,
11438249,4/25/2018,859049,"3075 NE Weeping Willow Dr, Bend, OR, US",44.08056431,-121.2669071,,,,,net,,,4/25/2018 18:25,4/25/2018 18:25
11453736,4/26/2018,859049,"799 SW Columbia St, Bend, OR, US",44.04217046,-121.3196575,,Ribes aureum,,,net,,,,
11459446,4/26/2018,800960,"Mosier, OR  97040, Mosier, OR, US",45.68386737,-121.38455,,,Moiser,3,net,PA,13,,
11464403,4/26/2018,843723,"Deschutes Co., Bend, Old Mill, dog park",44.042139,-121.319701,,Ribes aureum,Old Mill Dog Park,1,net,GP,6,,
11464561,4/26/2018,843723,"Deschutes Co., Bend, Old Mill, dog park",44.042039,-121.321031,,Ribes cereum,Old Mill Dog Park,8,net,GP,7,,
11466923,4/26/2018,843723,"Deschutes Co., Bend, Old Mill dog park",44.042293,-121.319347,,Ribes aureum,"Bend, Old Mill dog park",4,net,RLP,6,,
11466985,4/26/2018,843723,"Deschutes Co., Bend, Old Mill dog park",44.042293,-121.319347,,Ribes cereum,"Deschutes Co., Bend, Old Mill dog park",4,net,RLP,7,,
11467071,4/26/2018,843723,"Deschutes Co., Bend, Old Mill dog park",44.041522,-121.329389,,Berberis aquifolium,"Deschutes Co., Bend, Old Mill dog park",1,net,RLP,8,,
11468866,4/26/2018,175529,"1255 NW Highland Dell Dr, Corvallis, OR, US",44.60309061,-123.2646656,,Ceanothus,,3,net,JLP,15,,
11543545,4/7/2018,793138,Rolling Hills Rd,44.759065,-123.232464,,Taraxacum officinale,,2,net,PW,9,,
11543984,4/18/2018,793138,Rolling Hills Rd,44.759065,-123.232464,,,,1,pan trap,PW,10,4/17/2018 10:15,4/18/2018 6:25
11544645,4/18/2018,793138,"Oregon, US",44.711555,-123.365924,,,Third Forest Oregon,83,pan trap,PW,11,4/17/2018 16:15,4/18/2018 16:15
11544906,4/19/2018,793138,Rolling Hills Rd,44.759065,-123.232464,,,,6,pan trap,PW,12,4/17/2018 10:15,4/19/2018 11:40
11545136,4/20/2018,793138,Rolling Hills Rd,44.759065,-123.232464,,,,3,pan trap,PW,13,4/17/2018 10:15,4/20/2018 16:45
11545327,4/24/2018,793138,Rolling Hills Rd,44.759065,-123.232464,,,,1,net,PW,14,,
11545417,4/24/2018,793138,Rolling Hills Rd,44.759065,-123.232464,,Malus,,1,net,PW,15,,
11583628,4/21/2018,754260,"Benton County, US-OR, US",44.59912414,-123.3152924,,,backyard,1,net,EW,10,,
11649063,4/28/2018,808137,"Oregon State University, Corvallis, OR, US",44.55889296,-123.2879842,,Bellis,,2,net,RM,1,,
11668792,4/28/2018,808137,"1255 NW Highland Dell Dr, Corvallis, OR, US",44.60292066,-123.2648052,,Rosmarinus officinalis,,2,net,RM,2,,
11670288,4/28/2018,818691,"Quarry Rd, Springfield, OR, US",44.00520648,-122.9805123,,Camassia quamash,"Oregon, Eugene Mt. Pisgah Arboretum",1,net,LD,LD3,,
11672500,4/28/2018,175529,"1255 NW Highland Dell Dr, Corvallis, OR, US",44.60310821,-123.2646609,,Ceanothus,,1,net,JLP,16,,
11673856,4/28/2018,818691,"Quarry Rd, Springfield, OR, US",44.0056164,-122.9809536,,Camassia quamash,Oregon Eugene Mt Pisgah Arboretum,1,net,LD,LD4,,
11780734,3/15/2017,175529,1255 NW Highland Dell Dr.,44.603,-123.264,,Osmia,,3,net,JLP,7,,
11909430,4/30/2018,429964,"SW Campus Way, Corvallis, OR 97330, USA",44.56599744,-123.311298,,,,0,nest block,apm,block144,,
11919128,4/30/2018,792083,"1165 NW Monroe Ave, Corvallis, OR, US",44.56716803,-123.2692924,,Ceanothus,,1,net,KDZ,7,,
12049842,5/2/2018,792468,"12125 SE Burns Rd, McMinnville, OR, US",45.17086309,-123.1858414,,Phacelia tanacetifolia,McMinnville O'Loughlin Farms,11,net,Mol,45,,
12050744,5/2/2018,792468,"12125 SE Burns Rd, McMinnville, OR, US",45.17133055,-123.1858928,,Raphanus,McMinnville O'Loughlin Farms,9,net,Mol,46,,
12051501,5/2/2018,754260,"6364-6638 Historic Columbia River Hwy, Mosier, OR 97040, USA",45.67595904,-121.2949945,,Lupinus latifolius,Old Columbia River Highway roadside,6,net,EW,13,,
12053185,5/2/2018,792468,"12125 SE Burns Rd, McMinnville, OR, US",45.17102069,-123.1859767,,Ribes odoratum,McMinnville O'Loughlin Farms,1,net,Mol,47,,
12053756,5/2/2018,754260,"6364-6638 Historic Columbia River Hwy, Mosier, OR 97040, USA",45.67584018,-121.2950667,,Senecio integerrimus,Old Columbia River Highway roadside,1,net,EW,14,,
12053781,5/2/2018,754260,"6364-6638 Historic Columbia River Hwy, Mosier, OR 97040, USA",45.67582692,-121.2950952,,Lomatium triternatum,Old Columbia River Highway roadside,8,net,EW,15,,
12054508,5/2/2018,792468,"12125 SE Burns Rd, McMinnville, OR, US",45.17124045,-123.1856171,,Boraginaceae,McMinnville O'Loughlin Farms,1,net,Mol,48,,
12055405,5/2/2018,754260,"6364-6638 Historic Columbia River Hwy, Mosier, OR 97040, USA",45.67555202,-121.2953814,,Lomatium nudicaule,Old Columbia River Highway roadside,9,net,EW,16,,
12056042,5/2/2018,792468,"6451 NE Hilltop Ln, Dayton, OR, US",45.25817308,-123.0745414,,,Winter's Hill Estate,2,net,Mol,49,,
12056847,5/2/2018,754260,"Vietnam Veterans Memorial Highway, Mosier, OR 97040, USA",45.68757202,-121.4278109,,Penstemon barrettiae,"Russ Jolley wayside, Hwy 84 westbound, milepost 68",3,net,EW,17,,
12057038,5/2/2018,792468,"6451 NE Hilltop Ln, Dayton, OR, US",45.25794376,-123.074932,,Ceanothus,Winter's Hill Estate,37,net,Mol,50,,
12057594,5/2/2018,792468,"6451 NE Hilltop Ln, Dayton, OR, US",45.25830485,-123.0754986,,Raphanus,"Dayton, Winter's Hill Estate",4,net,Mol,51,,
12057952,5/2/2018,792468,"6451 NE Hilltop Ln, Dayton, OR, US",45.25832424,-123.0759666,,Brassica rapa,"Dayton, Winter's Hill Estate",28,net,Mol,52,,
12058043,5/2/2018,792083,"Hazelwood Park, Albany, OR, US",44.62223701,-123.1267021,,Camassia,,,net,,,,
12060116,5/2/2018,792468,"6451 NE Hilltop Ln, Dayton, OR, US",45.25804281,-123.0740902,,,"Dayton, Winter's Hill Estate",1,net,Mol,53,,
12060586,5/2/2018,792468,"6451 NE Hilltop Ln, Dayton, OR, US",45.2581781,-123.0742122,,Doronicum,"Dayton, Winter's Hill Estate",4,net,Mol,54,,
12060774,5/2/2018,792468,"6451 NE Hilltop Ln, Dayton, OR, US",45.25820144,-123.0746566,,Arbutus,"Dayton, Winter's Hill Estate",0,net,Mol,55,,
12063798,5/2/2018,792468,"Joe Dancer Park, Yamhill County, US-OR, US",45.21187128,-123.1768049,,Raphanus,"McMinnville, Joe Dancer Park",6,net,Mol,56,,
12063882,5/2/2018,792468,"Joe Dancer Park, McMinnville, OR, US",45.21160446,-123.1763169,,Crataegus douglasii,"McMinnville, Joe Dancer Park",3,net,Mol,57,,
12064454,5/2/2018,792468,"Joe Dancer Park, McMinnville, OR, US",45.21249201,-123.1746134,,Bellis perennis,"McMinnville, Joe Dancer Park",4,net,Mol,58,,
12097130,5/3/2018,858490,"Deschutes County, US-OR, US",44.26769421,-121.2570214,,Ribes cereum,"Redmond, Eagle Crest, river path",1,net,hw,5,,
12097325,5/3/2018,858490,"6986 Thunderbird Ct, Redmond, OR 97756, USA",44.26562366,-121.2510072,,Ribes cereum,"Redmond, Eagle Crest, river path",2,net,hw,6,,
12097710,5/3/2018,861496,"1700 Condor Dr, Redmond, OR, US",44.25998572,-121.262627,,Berberis aquifolium,"Eagle Crest Resort, Redmond",3,net,NP,4,,
12099674,5/3/2018,861496,"1590 Mountain Quail Dr, Redmond, OR, US",44.25975249,-121.2626159,,Berberis aquifolium,"Eagle Crest Resort, Redmond",4,net,NP,5,,
12102169,5/3/2018,861496,"900–986 Cline Falls State Park, Redmond, OR, US",44.26729815,-121.2548596,,Berberis aquifolium,"Eagle Crest Resort, Redmond",3,net,Np,6,,
12103427,5/3/2018,792083,"6468–6612 NW Oak Creek Dr, Corvallis, OR, US",44.57621621,-123.3269947,,Magnoliopsida,Oak Creek entrance to Bald Hill,2,net,KDZ,9,,
12103439,5/3/2018,792468,"Wortman City Park, McMinnville, OR, US",45.22392942,-123.1815215,,Taraxacum,"McMinnville, Wortman Park",7,net,Mol,59,,
12103479,5/3/2018,792468,"200–398 NW Star Mill Way, McMinnville, OR, US",45.21049377,-123.2028737,,Taraxacum,"McMinnville, City Park",1,net,Mol,60,,
12103524,5/3/2018,792468,"138 NW Park Dr, McMinnville, OR, US",45.20969816,-123.2010348,,Bellis perennis,"McMinnville, City Park",12,net,Mol,61,,
12104063,5/3/2018,792468,"138 NW Park Dr, McMinnville, OR, US",45.21001285,-123.2019451,,Veronica filiformis,"McMinnville, City Park",4,net,Mol,62,,
12104221,5/3/2018,792468,"200–398 NW Star Mill Way, McMinnville, OR, US",45.20976226,-123.2019708,,Ranunculus repens,McMinnville City Park,1,net,Mol,63,,
12104503,5/3/2018,792468,"138 NW Park Dr, McMinnville, OR, US",45.21050744,-123.2019494,,Veronica serpyllifolia,"McMinnville, City Park",3,net,Mol,64,,
12104586,5/3/2018,792468,"138 NW Park Dr, McMinnville, OR, US",45.21030658,-123.2021204,,Rubus ursinus,McMinnville City Park,9,net,Mol,65,,
12105510,5/3/2018,792468,"100–168 NW 2nd St, McMinnville, OR, US",45.20935942,-123.2009544,,Hyacinthoides hispanica,"McMinnville, City Park",10,net,Mol,66,,
12108633,5/3/2018,792468,"12125 SE Burns Rd, McMinnville, OR, US",45.17154561,-123.1859989,,Crataegus monogyna,McMinnville O'Loughlin Farms,2,net,Mol,67,,
12111320,4/22/2018,271351,Near Ankeny Wildlife Refuge,44.76802,-123.07394,,Bellis perennis,Near AWR,1,net,TER,13,,
12111526,4/22/2018,271351,Near Ankeny Wildlife Refuge,44.77,-123.07721,,Taraxacum officinale,Near AWR,2,net,JAB,6,,
12111844,4/26/2018,271351,Minto Brown Island Park,44.91936,-123.07877,,,Minto Brown Island Park,4,vane trap,TER,14,4/25/2018 10:52,4/26/2018 13:25
12111896,5/3/2018,843723,"Oregon, Deschutes Co., Eagle Crest Resort",44.267811,-121.257389,,Ribes cereum,Eagle Crest Resort,4,net,RLP,9,,
12111923,4/26/2018,271351,Minto Brown Island Park,44.91936,-123.07877,,Berberis aquifolium,Minto Brown Island Park,1,net,TER,15,,
12111960,4/26/2018,271351,Minto Brown Island Park,44.91936,-123.07877,,,Minto Brown Island Park,1,net,TER,16,,
12112126,4/26/2018,271351,Minto Brown Island Park,44.91936,-123.07877,,Berberis aquifolium,Minto Brown Island Park,4,net,TER,17,,
12112181,4/26/2018,271351,Minto Brown Island Park,44.91936,-123.07877,,Berberis aquifolium,Minto Brown Island Park,1,net,TER,18,,
12112255,4/26/2018,271351,Minto Brown Island Park,44.91936,-123.07877,,,Minto Brown Island Park,1,net,JAB,7,,
12112273,4/26/2018,271351,Minto Brown Island Park,44.91936,-123.07877,,,Minto Brown Island Park,2,net,JAB,8,,
12112429,5/3/2018,843723,"Dechutes Co., Eagle Crest Resort",44.267413,-121.252503,,Ribes cereum,Eagle crest,2,net,RLP,10,,
12112525,5/3/2018,843723,"Dechutes Co., Eagle Crest Resort",44.266414,-121.251001,,Ribes cereum,Eagle Crest Resort,1,net,RLP,11,,
12127420,5/2/2018,793138,Rolling Hills Rd,44.759065,-123.232464,,Brassica oleracea,,2,net,PW,16,,
12127549,5/3/2018,793138,Rolling Hills Rd,44.759065,-123.232464,,Acer palmatum,,1,net,PW,17,,
12127595,5/3/2018,793138,Rolling Hills Rd,44.759065,-123.232464,,,,2,net,PW,18,,
12133058,5/4/2018,792468,"Discovery Meadows Community Park, McMinnville, OR, US",45.19792461,-123.2179831,,Bellis perennis,McMinnville Park,1,net,Mol,68,,
12133690,5/4/2018,792468,"13298–13924 SE Burns Rd, McMinnville, OR, US",45.16483804,-123.183731,,Camassia,"McMinnville, Burns Rd",2,net,Mol,69,,
12138701,5/4/2018,175529,"8590 NW Oak Creek Dr, Corvallis, OR, US",44.60124977,-123.3347623,,Geranium robertianum,,1,net,JLP,17,,
12142855,5/4/2018,843723,"Deschutes Co, Bend, Lava Island Falls",43.987026,-121.399042,,Arctostaphylos patula,"Deschutes River, Lava Island Falls",3,net,RLP,12,,
12150673,5/4/2018,841568,"Lane County, US-OR, US",44.03285343,-123.0944441,,Wisteria,LOH yard,11,net,LOH,10,,
12151377,5/4/2018,792468,"12125 SE Burns Rd, McMinnville, OR, US",45.17505766,-123.1829771,,Hydrophyllum tenuipes,"McMinnville, O'Loughlin Farms",1,net,Mol,70,,
12151425,5/4/2018,792468,"12125 SE Burns Rd, McMinnville, OR, US",45.17493538,-123.1830112,,Rubus ursinus,"McMinnville, O'Loughlin Farms",16,net,Mol,71,,
12152633,5/3/2018,841568,"Lane County, OR, USA",43.832825,-122.770851,,Fragaria virginiana,Lost Creek,7,net,LOH,8,,
12152685,5/3/2018,841568,,,,,Whipplea modesta,Lost Creek logging road cut,12,net,LOH,9,,
12163348,3/28/2018,854908,"7144 NW Thompson Road, Portland, Oregon 97229",45.543713,-122.750923,,,,1,net,ENR,1,,
12164082,5/5/2018,854908,"Multnomah County, US-OR, US",45.54408732,-122.7500734,,,"7144 NW Thompson Road, Portland, OR",0,net,ENR,2,,
12164311,5/5/2018,792468,"6730 SE Booth Bend Rd, McMinnville, OR, US",45.16917688,-123.1850479,,Raphanus,"McMinnville, O'Loughlin Farms",58,net,Mol,72,,
12166931,5/4/2018,808137,"Benton County, US-OR, US",44.59992237,-123.3337492,,,,1,net,RM,3,,
12167323,5/4/2018,808137,"Benton County, US-OR, US",44.60107732,-123.3349935,,Claytonia sibirica,,1,net,RM,5,,
12167346,5/5/2018,808137,"Oregon State University, Corvallis, OR, US",44.55920908,-123.2881011,,Bellis perennis,,1,net,RM,5,,
12167479,5/5/2018,429964,"753-853 SW 35th St, Corvallis, OR 97333, USA",44.5598512,-123.2882593,,Berberidaceae,oak creek,3,net,apm,11,,
12167860,5/5/2018,175529,"Oregon State University, Corvallis, OR, US",44.5590432,-123.2883344,,,,3,net,JLP,18,,
12168170,5/5/2018,175529,"Oregon State University, Corvallis, OR, US",44.5589,-123.2883447,,Camassia,,2,net,JLP,19,,
12168243,5/5/2018,175529,"Oregon State University, Corvallis, OR, US",44.55885742,-123.2885073,,Heracleum maximum,,1,net,JLP,20,,
12169007,5/5/2018,808137,"1201–1417 SW Allen St, Corvallis, OR, US",44.55498833,-123.2706317,,Camassia,,1,net,RM,6,,
12172810,5/3/2018,843723,Eagle Crest Resort river trail,44.26732,-121.254376,,Ribes cereum,Eagle Crest Resort river trail,2,net,GP,8,,
12172944,5/3/2018,843723,Eagle Crest Resort river trail,44.26719,-121.253582,,,Eagle Crest Resort river trail,2,net,GP,9,,
12173075,5/3/2018,843723,Eagle Crest Resort river trail,44.267328,-121.253196,,Ribes cereum,Eagle Crest Resort river trail,1,net,GP,10,,
12173170,5/3/2018,843723,Eagle Crest Resort river trail,44.267436,-121.252552,,Ribes cereum,Eagle Crest Resort river trail,7,net,GP,11,,
12173588,5/4/2018,843723,Deschutes River Lava Island Falls trailhead,43.985203,-121.399339,,Salix,Lava Island Falls trailhead,5,net,GP,12,,
12174828,5/5/2018,175529,"1201–1417 SW Allen St, Corvallis, OR, US",44.5548414,-123.2703579,,Camassia leichtlinii,Pioneer Park,4,net,JLP,21,5/5/2018 12:24,
12174870,5/5/2018,792468,"905 SE Vine St, McMinnville, OR, US",45.20401751,-123.1911377,,Geranium lucidum,McMinnville,2,net,Mol,73,,
12176073,5/5/2018,792468,"418 SW Brockwood Ave, McMinnville, OR, US",45.20641466,-123.2050233,,Veronica persica,McMinnville,1,net,Mol,74,,
12179292,5/5/2018,429964,"Benton County, US-OR, US",44.56012202,-123.2888956,,Ceanothus cuneatus,oak creek,3,net,apm,12,,
12179371,5/5/2018,429964,"671-733 SW 35th St, Corvallis, OR 97331, USA",44.56055649,-123.2888625,,Prunus,,3,net,apm,13,,
12179389,5/5/2018,429964,"1150 SW Philomath Blvd, Corvallis, OR 97333, USA",44.55474977,-123.2700239,,Camassia quamash quamash,pioneer park,7,net,apm,14,,
12180314,5/5/2018,175529,"1255 NW Highland Dell Dr, Corvallis, OR, US",44.6028837,-123.2645225,,,,12,net,JLP,22,,
12180507,5/5/2018,175529,"1255 NW Highland Dell Dr, Corvallis, OR, US",44.60270915,-123.264889,,,,1,net,JLP,23,,
12196420,5/6/2018,792468,"424 SW Brockwood Ave, McMinnville, OR, US",45.20616017,-123.2052525,,Myosotis sylvatica,"McMinnville, Gail Larkin Garden",4,net,Mol,75,,
12203695,5/6/2018,792468,"Discovery Meadows Community Park, McMinnville, OR, US",45.19846335,-123.2175806,,Taraxacum,"McMinnville, Discovery Meadows Community Park",1,net,Mol,76,,
12203958,5/6/2018,792468,"Discovery Meadows Community Park, McMinnville, OR, US",45.19854434,-123.2176204,,Viburnum davidii,"McMinnville, Discovery Meadows Community Park",2,net,Mol,77,,
12204259,5/6/2018,792468,"Discovery Meadows Community Park, McMinnville, OR, US",45.19854618,-123.2178603,,Crataegus,"McMinnville, Discovery Meadows Community Park",4,net,Mol,78,,
12204868,5/6/2018,792468,"1207 SW Patricia St, McMinnville, OR, US",45.19935155,-123.2162067,,,"McMinnville, Discovery Meadows Community Park",1,net,Mol,79,,
12205797,5/6/2018,792468,"12316–13296 SE Burns Rd, McMinnville, OR, US",45.16926881,-123.1861669,,Camassia,McMinnville SEBurns Rd,3,net,Mol,80,,
12206929,5/6/2018,792468,"1737 SW Songbird St, McMinnville, OR, US",45.20376639,-123.2210801,,Calendula,"McMinnville, Lynn Crowell",4,net,Mol,81,,
12207489,5/6/2018,792468,"1749 SW Songbird St, McMinnville, OR, US",45.20396075,-123.2211059,,Myosotis,"McMinnville, Lynn Crowell",1,net,Mol,82,,
12208156,5/6/2018,792468,"1122 SW Patricia St, McMinnville, OR, US",45.20068663,-123.215649,,Styrax japonicus,McMinnville Rehka Loomba garden,1,net,Mol,83,,
12210674,5/6/2018,175529,"1255 NW Highland Dell Dr, Corvallis, OR, US",44.60306555,-123.2645377,,,,5,net,JLP,24,,
12211814,5/6/2018,818691,"Lane Community College, Eugene, OR, US",44.06149829,-123.1041714,,Rhododendron,4j parking lot,2,net,LD,5,,
12211929,5/6/2018,175529,"1255 NW Highland Dell Dr, Corvallis, OR, US",44.60302372,-123.2644963,,Bombylius major,,3,net,JLP,25,,
12212773,5/6/2018,792468,"15100 NW Orchard View Rd, McMinnville, OR, US",45.24013198,-123.2693915,,Taraxacum,"McMinnville, Caiti Anderson",3,net,Mol,94,,
12212860,5/6/2018,175529,"1255 NW Highland Dell Dr, Corvallis, OR, US",44.60305855,-123.2646455,,Ceanothus thyrsiflorus,,4,net,JLP,26,,
12212970,5/6/2018,792468,"15150 NW Orchard View Rd, McMinnville, OR, US",45.24056209,-123.2703607,,Bellis perennis,"McMinnville, Caiti Anderson",3,net,Mol,85,,
12213258,5/6/2018,792468,"15100 NW Orchard View Rd, McMinnville, OR, US",45.24000471,-123.2693361,,Doronicum,"McMinnville, Caiti Anderson",6,net,Mol,86,,
12217597,5/6/2018,792083,"Oregon State University, Corvallis, OR, US",44.5675176,-123.283019,,Sorbus aucuparia,"OSU campus, east greenhouse parking",3,net,KDZ,10,,
12241577,5/7/2018,818691,"662 Clark St, Eugene, OR, US",44.05930634,-123.1027175,,Ilex aquifolium,Neighborhood alley,1,net,LD,6,,
12246163,5/7/2018,792468,"6451 NE Hilltop Ln, Dayton, OR, US",45.25797071,-123.0748085,,Ceanothus,"Dayton, Winter's Hill Estate",16,net,Mol,87,,
12246247,5/7/2018,175529,"1255 NW Highland Dell Dr, Corvallis, OR, US",44.60307598,-123.2644854,,Ceanothus thyrsiflorus thyrsiflorus,,4,net,JLP,27,,
12246521,5/7/2018,792468,"3685 NE Three Mile Ln, McMinnville, OR, US",45.25838409,-123.0755725,,Raphanus,"Dayton, Winter's Hill Estate",5,net,Mol,88,,
12246982,5/7/2018,792468,"6451 NE Hilltop Ln, Dayton, OR, US",45.25840906,-123.0756414,,Brassica rapa,"Dayton, Winter's Hill Estate",2,net,Mol,89,,
12247215,5/7/2018,792468,"6451 NE Hilltop Ln, Dayton, OR, US",45.2583024,-123.0747693,,Fragaria chiloensis,"Dayton, Winter's Hill Estate",1,net,Mol,90,,
12247344,5/7/2018,792468,"6451 NE Hilltop Ln, Dayton, OR, US",45.25822975,-123.0748997,,Lupinus,"Dayton, Winter's Hill Estate",1,net,Mol,91,,
12247758,5/7/2018,816767,"17701 SW Gopher Valley Rd, Sheridan, OR, US",45.13374416,-123.3735313,,Brassica,gvr,2,net,jt,11,,
12249687,5/7/2018,792468,"4420 NE Duniway Rd, Dayton, OR, US",45.25772705,-123.0742198,,Vaccinium ovatum,"Dayton, Winter's Hill Estate",6,net,Mol,92,,
12269498,5/8/2018,816767,"17555 SW Gopher Valley Rd, Sheridan, OR, US",45.13350184,-123.373584,,Scandix pecten-veneris,gvr,3,net,jt,12,,
12269945,5/8/2018,816767,"17701 SW Gopher Valley Rd, Sheridan, OR, US",45.1341107,-123.3741239,,Camassia leichtlinii,gvr,2,net,jt,13,,
12270633,5/8/2018,816767,"17701 SW Gopher Valley Rd, Sheridan, OR, US",45.1345093,-123.3739978,,Ranunculus occidentalis,gvr,1,net,jt,14,,
12270982,5/8/2018,816767,"17701 SW Gopher Valley Rd, Sheridan, OR, US",45.13517655,-123.3736018,,Hypochaeris radicata,gvr,1,net,jt,15,,
12271461,5/8/2018,816767,"17701 SW Gopher Valley Rd, Sheridan, OR, US",45.13436388,-123.3738593,,Bellis perennis,gvr,1,net,jt,16,,
12272829,5/8/2018,792468,"17701 SW Gopher Valley Rd, Sheridan, OR, US",45.13356247,-123.3734148,,Scandix pecten-veneris,"Sheridan, Jeanie Taylor",31,net,Mol,93,,
12273394,5/8/2018,816767,"Oregon, US",45.08208842,-123.3645992,,Lupinus rivularis,gvr,1,net,jt,17,,
12274362,5/8/2018,816767,"17701 SW Gopher Valley Rd, Sheridan, OR, US",45.13385199,-123.3729007,,Eschscholzia californica,gvr,2,net,jt,18,,
12275168,5/8/2018,792775,"17701 Gopher Valley Rd, Sheridan, OR 97378, USA",45.13380477,-123.3729962,,Rubus ursinus,Jeanie Taylor farm,1,net,dto,dto5,,
12275173,5/8/2018,792775,"17555 Gopher Valley Rd, Sheridan, OR 97378, USA",45.13339527,-123.3735727,,Scandix pecten-veneris,Jeanie Taylor farm,8,net,dto,dto6,,
12275225,5/8/2018,792775,"19381 SW Cherry Hill Rd, Sheridan, OR 97378, USA",45.1219089,-123.3744209,,Bellis perennis,jeanie taylor's farm,9,net,dto,dto7,,
12275237,5/8/2018,792775,"25601-26399 Valley View Ln, Sheridan, OR 97378, USA",45.110379,-123.3785999,,Crepis capillaris,Jeanie Taylor farm,10,net,dto,dto8,,
12275249,5/8/2018,792775,"17701 Gopher Valley Rd, Sheridan, OR 97378, USA",45.1338088,-123.3729494,,Rosmarinus officinalis,Jeanie Taylor farm,16,net,dto,dto9,,
12275259,5/8/2018,792775,"17701 Gopher Valley Rd, Sheridan, OR 97378, USA",45.1338088,-123.3729494,,Acer circinatum,Jeanie Taylor farm,7,net,dto,dto10,,
12278507,5/8/2018,792468,"17701 SW Gopher Valley Rd, Sheridan, OR, US",45.13375756,-123.3737291,,Bellis perennis,"Sheridan, Jeanie Taylor",15,net,Mol,94,,
12278512,5/8/2018,792468,"17701 SW Gopher Valley Rd, Sheridan, OR, US",45.13464667,-123.3740399,,Ranunculus occidentalis,"Sheridan, Jeanie Taylor",3,net,Mol,95,,
12278531,5/8/2018,792468,"17701 SW Gopher Valley Rd, Sheridan, OR, US",45.13377439,-123.3729678,,Crepis capillaris,"Sheridan, Jeanie Taylor",15,net,Mol,96,,
12278701,5/8/2018,792468,"17701 SW Gopher Valley Rd, Sheridan, OR, US",45.13387963,-123.3728112,,Eschscholzia californica,"Sheridan, Jeanie Taylor",1,net,Mol,97,,
12278808,5/4/2018,793138,Rolling Hills Rd,44.759065,-123.232464,,Brassica oleracea,,2,net,PW,19,,
12278847,5/5/2018,793138,Oak Creek,44.560465,-123.2886,,Taraxacum officinale,,1,net,PW,20,,
12278856,5/5/2018,793138,Oak Creek,44.560465,-123.2886,,Lupinus,,1,net,PW,21,,
12278875,5/5/2018,793138,Oak Creek,44.560465,-123.2886,,Taraxacum officinale,,1,net,PW,22,,
12278928,5/5/2018,793138,Pioneer Park,44.554823,-123.270407,,Camassia,,2,net,PW,23,,
12279017,5/5/2018,793138,Rolling Hills Rd,44.759065,-123.232464,,,,16,pan trap,PW,24,5/4/2018 13:00,5/5/2018 14:30
12283589,5/8/2018,792468,"200 NE Kirby St, McMinnville, OR, US",45.20870983,-123.1870662,,Rhododendron maximum,"McMinnville, St James Church",5,net,Mol,98,,
12285646,5/8/2018,792083,"Hazelwood Park, Albany, OR, US",44.62228833,-123.1260138,,Taraxacum officinale,"Hazelwood Park, Albany",3,net,KDZ,11,,
12285738,5/6/2018,792083,"Oregon State University, Corvallis, OR, US",44.55867297,-123.2882196,,Delphinium trolliifolium,OCCUH,3,net,KDZ,12,,
12311023,5/9/2018,792468,"12125 SE Burns Rd, McMinnville, OR, US",45.17122942,-123.1855605,,Phacelia tanacetifolia,"McMinnville, O'Loughlin Farms",1,net,Mol,99,,
12314983,4/23/2018,816767,"Yamhill County, US-OR, US",45.134007,-123.372707,,,,1,net,jt,10,,
12336550,5/10/2018,792775,"12439-12533 SE Burns Rd, McMinnville, OR 97128, USA",45.1706285,-123.1860995,,Phacelia tanacetifolia,O'Loughlin farms,14,net,dto,dto11,,
12339892,5/7/2018,271351,Luckiamute State Natural Area,44.73122,-123.15314,,Rubus parviflorus,Luckiamute State Natural Area,1,net,JAB,9,,
12339933,5/7/2018,271351,Luckiamute State Natural Area,44.73117,-123.15244,,Raphanus sativus,Luckiamute State Natural Area,1,net,JAB,10,,
12340018,5/8/2018,271351,Luckiamute State Natural Area,44.73117,-123.15244,,Trifolium repens,Luckiamute State Natural Area,1,net,JAB,11,,
12340077,5/8/2018,271351,Luckiamute State Natural Area,44.73892,-123.14405,,,Luckiamute State Natural Area,2,vane trap,JAB,12,5/7/2018 16:00,5/8/2018 13:40
12340800,5/7/2018,271351,Luckiamute State Natural Area ,44.73117,-123.15244,,Rubus parviflorus,Luckiamute State Area,1,net,TER,19,,
12340878,5/7/2018,271351,Luckiamute State Natural Area ,44.73117,-123.15244,,Rubus parviflorus,Luckiamute State Natural Area,2,net,TER,20,,
12340921,5/7/2018,271351,Luckiamute State Natural Area ,44.73277,-123.1517,,,Luckiamute State Natural Area,1,net,TER,21,,
12340970,5/7/2018,271351,Luckiamute State Natural Area ,44.73277,-123.1517,,Raphanus sativus,Luckiamute State Natural Area,1,net,TER,22,,
12341055,5/7/2018,271351,Luckiamute State Natural Area ,44.73277,-123.1517,,Raphanus sativus,Luckiamute State Natural Area,2,net,TER,23,,
12341742,5/8/2018,271351,Luckiamute River Landing,44.73394,-123.16446,,Rubus parviflorus,Luckiamute River Landing,3,net,TER,24,,
12341768,5/8/2018,271351,Luckiamute River Landing,44.73394,-123.16446,,Bellis perennis,Luckiamute River Landing,1,net,TER,25,,
12341892,5/8/2018,271351,Luckiamute State Natural Area,44.73117,-123.15244,,,Luckiamute State Natural Area,1,net,TER,26,,
12341938,5/8/2018,271351,Luckiamute State Natural Area,44.73117,-123.15244,,Trifolium repens,Luckiamute State Natural Area,1,net,TER,27,,
12355945,5/11/2018,792468,"12125 SE Burns Rd, McMinnville, OR, US",45.17112106,-123.1860646,,Weigela,"McMinnville, O'Loughlin Farms",1,net,Mol,100,,
12362330,5/11/2018,754260,"Benton County, US-OR, US",44.54734249,-123.301326,,Rosa nutkana,Sunset Park,1,net,EW,18,,
12363804,5/11/2018,754260,"1861 SW 49th St, Corvallis, OR 97333, USA",44.54771343,-123.3050176,,Crataegus monogyna,Sunset Park,1,net,EW,19,,
12367374,5/11/2018,175529,"2000–2002 SW 45th St, Corvallis, OR, US",44.5485175,-123.3007186,,Leucanthemum vulgare,,2,net,JLP,28,,
12367713,5/11/2018,175529,"1648–1660 SW 45th Pl, Corvallis, OR, US",44.54976389,-123.3007801,,Rubus parviflorus,,1,net,JLP,29,,
12386165,5/11/2018,793138,Rolling Hills Rd,44.759065,-123.232464,,Taraxacum officinale,,1,net,PW,25,,
12386204,5/11/2018,793138,Rolling Hills Rd,44.759065,-123.232464,,Rhododendron,,1,net,PW,26,,
12386228,5/11/2018,793138,Rolling Hills Rd,44.759065,-123.232464,,Rhododendron,,1,net,PW,27,,
12386500,5/11/2018,793138,"Sunset Park, Corvallis",44.54777,-123.301421,,Rosa nutkana,,1,net,PW,28,,
12386607,5/11/2018,793138,"Sunset Park, Corvallis",44.548354,-123.301185,,Bellis perennis,,1,net,PW,29,,
12386684,5/11/2018,793138,"Sunset Park, Corvallis",44.5485,-123.301177,,Bellis perennis,,1,net,PW,30,,
12386749,5/11/2018,793138,"SAGE Garden, Corvallis",44.549359,-123.300533,,,,1,net,PW,31,,
12386800,5/11/2018,793138,"Sunset Park, Corvallis",44.547243,-123.301346,,Rosa nutkana,,1,net,PW,32,,
12390574,5/12/2018,941488,"10924 SE Pardee St, Portland, OR, US",45.48859015,-122.5508126,Portland,Oxalis stricta,Backyard,8,net,JDG,A1,,
12392485,5/12/2018,941488,"10925 SE Long St, Portland, OR, US",45.48848039,-122.5508107,Portland,Scilla peruviana,Backyard,5,net,JDG,A2,,
12394225,5/12/2018,754260,"Benton County, US-OR, US",44.59910888,-123.3151962,,Limnanthes douglasii,backyard,4,net,EW,20,,
12394601,5/12/2018,941488,"4608 SE 108th Pl, Portland, OR, US",45.488608,-122.5510123,Portland,Geranium robertianum,Backyard,4,net,JDG,A3,,
12396280,5/12/2018,754260,"3334 NW Covey Run, Corvallis, OR 97330, USA",44.59880615,-123.3153396,,Plectritis congesta,backyard,6,net,EW,21,,
12396630,5/8/2018,843723,"Harney Co.,Hwy 20, 20 miles West of Burns",43.515932,-119.110415,,Ribes aureum,Hwy 20 west of Burns,4,net,RLP,13,,
12397214,5/8/2018,843723,"Harney Co.,Hwy 20, 7 miles East of Burns",43.632143,-118.643168,,Purshia tridentata,7 miles east of Burns on Hwy 20,1,net,RLP,14,,
12397415,5/8/2018,843723,"Harney Co.,Hwy 20, 8 miles East of Burns",43.709622,-118.516825,,Lepidium appelianum,8 miles east of Burns,5,net,RLP,15,,
12397596,5/8/2018,843723,"Malheur Co., Succor Crk. campground",43.45206,-117.119954,,Salix,Succor Creek Campground,7,net,RLP,16,,
12397731,5/9/2018,843723,"Malheur Co., Succor Crk. campground",43.45206,-117.119954,,,Succor Crk. Campground,0,net,RLP,17,,
12397840,5/9/2018,843723,"Malheur Co., 1 mile south of Succor Crk. campground",43.443585,-117.117594,,Penstemon,1 mile south of Succor Crk. Camp,5,net,RLP,18,,
12397971,5/9/2018,843723,"Malheur Co., 4 miles south of Succor Crk. campground",43.374997,-117.119139,,Balsamorhiza hookeri,3 miles south of Succor Crk. Campground,8,net,RLP,19,,
12398202,5/9/2018,843723,"Malheur Co., 4 miles south of Succor Crk. campground",43.377368,-117.118367,,Lepidium appelianum,3 miles South of Succor Crk. Campground,4,net,RLP,20,,
12398439,5/9/2018,843723,"Malheur Co., 1 mile down Leslie Gulch Rd.",43.315969,-117.215512,,Delphinium,1 mile down Leslie Gulch,3,net,RLP,21,,
12398546,5/9/2018,843723,"Malheur Co., 1 mile down Leslie Gulch Rd.",43.306976,-117.229932,,Phacelia hastata,mile down Leslie Gulch,1,net,RLP,22,,
12398632,5/9/2018,843723,"Malheur Co., 3 mile down Leslie Gulch Rd.",43.293983,-117.253278,,Prunus virginiana,3 miles down Leslie Gulch,2,net,RLP,24,,
12398789,5/9/2018,843723,"Malheur Co., 6 mile down Leslie Gulch Rd.",43.290484,-117.327436,,Purshia tridentata,6 miles down Leslie Gulch,5,net,RLP,25,,
12400376,5/8/2018,843723,"Harney Co.,Hwy 20, 20 miles West of Burns",43.592194,-119.054625,,Ribes aureum,"west of Burns, OR",5,net,GP,13,,
12400473,5/8/2018,843723,"Harney Co.,Hwy 20, 7 miles east of Burns",43.614001,-119.003142,,Lepidium appelianum,"east of Burns, OR",2,net,GP,14,,
12400617,5/9/2018,843723,"Malheur Co., Succor Crk. campground",43.453508,-117.120211,,Salix,Succor Creek Campground,10,net,GP,15,,
12400651,5/9/2018,843723,"Malheur Co., Succor Crk. campground",43.453508,-117.120211,,Erodium cicutarium,Succor Creek Campground,2,net,GP,16,,
12400759,5/9/2018,843723,"Malheur Co., Succor Crk. Rd.",43.450829,-117.120812,,Astragalus filipes,Succor Creek Rd.,4,net,GP,17,,
12400815,5/9/2018,843723,"Malheur Co., Succor Crk. Road",43.450829,-117.120812,,Penstemon,Succor Creek Road,1,net,GP,18,,
12401037,5/9/2018,843723,"Malheur Co., Succor Crk. Road",43.350052,-117.118237,,Balsamorhiza hookeri,Succor Creek Rd.,14,net,GP,19,,
12401102,5/9/2018,843723,"Malheur Co., Succor Crk. Road",43.350052,-117.118237,,Lithospermum ruderale,Succor Creek Rd.,1,net,GP,20,,
12401154,5/9/2018,843723,"Malheur Co., Succor Crk. Road",43.350052,-117.118237,,Lepidium appelianum,Succor Creek Rd.,1,net,GP,21,,
12401193,5/9/2018,843723,"Malheur Co., Succor Crk. Road",43.350052,-117.118237,,Lepidium appelianum,Succor Creek Rd.,1,net,GP,22,,
12401309,5/9/2018,843723,"Malheur Co., Leslie Gulch",43.293565,-117.254506,,Phacelia hastata,Leslie Gulch,16,net,GP,23,,
12401346,5/9/2018,843723,"Malheur Co., Leslie Gulch",43.293565,-117.254506,,Prunus virginiana,Leslie Gulch,3,net,GP,24,,
12401644,5/10/2018,843723,"Malheur Co., Malheur NWR French Round Barn, 3 mi. west of",43.038056,-118.745041,,Chorispora tenella,Malheur NWR near French round barn,3,net,GP,25,,
12401708,5/10/2018,843723,"Malheur Co., Malheur NWR French Round Barn, 3 mi. west of",43.01848,-118.850098,,Salix,Hwy 205 near French Glen,10,net,GP,26,,
12401789,5/10/2018,843723,"Malheur Co., Page Springs Campground",42.803997,-118.866963,,Thermopsis rhombifolia,Page Springs CG,4,net,GP,27,,
12404003,5/12/2018,816767,"17701 SW Gopher Valley Rd, Sheridan, OR, US",45.13393946,-123.3723174,,Calochortus tolmiei,gvr,4,net,jt,19,,
12404242,5/12/2018,816767,"17701 SW Gopher Valley Rd, Sheridan, OR, US",45.13359308,-123.3725849,,Marah,gvr,1,net,jt,20,,
12405858,5/10/2018,843723,"Malhuer Co., Malhuer Nat. Wildlife Ref.,1 mile southwest of Peter French round barn",43.104051,-118.695602,,Chorispora tenella,1 mile southwest of Pete French's Round Barn,4,net,RLP,26,,
12406043,5/10/2018,843723,"Malhuer Co., Malhuer Nat. Wildlife Ref.,Page Springs Campground ",42.801739,-118.866301,,Thermopsis rhombifolia,Page Springs Campground,3,net,RLP,27,,
12423596,5/13/2018,175529,"1255 NW Highland Dell Dr, Corvallis, OR, US",44.60300419,-123.2646836,,,,8,net,JLP,30,,
12428178,5/13/2018,818691,"Lane County, US-OR, US",43.94943078,-123.9013431,,Claytonia sibirica,Sweet Creek Falls trail,1,net,LD,7,,
12429471,5/13/2018,818691,"Lane County, US-OR, US",43.95545976,-123.9008587,,Rubus ursinus,Sweet Creek Falls trail,3,net,LD,8,,
12429551,5/13/2018,818691,"20270–20276 Highway 126, Noti, OR, US",44.05326869,-123.533056,,Cytisus scoparius,Roadside hwy 126,2,net,LD,9,,
12430020,5/13/2018,175529,"1255 NW Highland Dell Dr, Corvallis, OR, US",44.60269159,-123.264316,,Rhododendron,,2,net,JLP,31,,
12452850,5/13/2018,843723,"Crook Co., Mill Creek Rd.",44.438909,-120.583993,,,Mill Creek Rd. near NF33,1,net,RLP,28,,
12453084,5/13/2018,843723,"Crook Co., Mill Creek, Wildcat Campground Trail",44.442234,-120.570582,,Lithophragma tenellum,"Mill Creek, Wildcat Campground trail",1,net,RLP,29,,
12453223,5/13/2018,843723,"Crook Co., Mill Creek, Wildcat Campground Trail",44.442234,-120.570582,,Salix,"Mill Creek, Wildcat Campground trail",4,net,RLP,30,,
12453427,5/13/2018,843723,"Crook Co., Mill Creek, Wildcat Campground Trail",44.442341,-120.569756,,,"Mill Cry, Wildcat campgound trail",3,net,RLP,31,,
12453523,5/13/2018,843723,"Crook Co., Mill Creek, Wildcat Campground Trail",44.442341,-120.569756,,Taraxacum officinale,Wildcat Campground Trail,2,net,RLP,32,,
12457281,5/14/2018,792468,"6451 NE Hilltop Ln, Dayton, OR, US",45.25842341,-123.0742584,,Rubus parviflorus,"Dayton, Winter's Hill Estate",15,net,Mol,101,,
12457499,5/14/2018,816764,"6451 NE Hilltop Ln, Dayton, OR, US",45.25841315,-123.074233,,Rubus parviflorus,"Dayton, winter's hill estate",3,net,NC,1,,
12457913,5/14/2018,816764,"6451 NE Hilltop Ln, Dayton, OR, US",45.25839656,-123.0744636,,Spiraea,"Dayton, winter's hill estate",8,net,Nc,3,,
12458043,5/14/2018,792468,"6451 NE Hilltop Ln, Dayton, OR, US",45.25838822,-123.0745101,,Delphinium trolliifolium,"Dayton, Winter's Hill Estate",1,net,Mol,102,,
12458164,5/14/2018,792468,"6451 NE Hilltop Ln, Dayton, OR, US",45.25817688,-123.0750068,,Aesculus hippocastanum,"Dayton, Winter's Hill Estate",8,net,Mol,103,,
12458398,5/14/2018,792468,"6451 NE Hilltop Ln, Dayton, OR, US",45.25819768,-123.0746675,,Aquilegia,"Dayton, Winter's Hill Estate",1,net,Mol,104,,
12458490,5/14/2018,792468,"6451 NE Hilltop Ln, Dayton, OR, US",45.25821002,-123.07436,,Fragaria chiloensis,"Dayton, Winter's Hill Estate",5,net,Mol,105,,
12458932,5/14/2018,792468,"6451 NE Hilltop Ln, Dayton, OR, US",45.25825499,-123.074254,,Eschscholzia californica,"Dayton, Winter's Hill Estate",6,net,Mol,106,,
12459018,5/14/2018,816764,"6451 NE Hilltop Ln, Dayton, OR, US",45.25821509,-123.0744253,,Fragaria chiloensis,"Dayton, winter's hill estate",5,net,NC,3,,
12459378,5/14/2018,816764,"6451 NE Hilltop Ln, Dayton, OR, US",45.25814426,-123.0741919,,Heracleum maximum,"Dayton, winter's hill estate",1,net,NC,4,,
12459491,5/14/2018,792775,"Yamhill County, US-OR, US",45.25876419,-123.0742189,,Sidalcea campestris,winter's hill estate,11,net,dto,dto12,,
12459504,5/14/2018,792775,"Oregon, US",45.28225708,-123.0055577,,Lupinus rivularis,winter's hill eatate,16,net,dto,dto13,,
12459512,5/14/2018,792775,"6600 NE Breyman Orchards Rd, Dayton, OR 97114, USA",45.2645699,-123.0594082,,Eschscholzia californica,winter's hill estate,5,net,dto,dto14,,
12459524,5/14/2018,792775,"6451 NE Hilltop Ln, Dayton, OR 97114, USA",45.25843189,-123.0747473,,Aquilegia,winter's hill estate,1,net,dto,dto15,,
12459784,5/13/2018,843723,"Crook Co., Mill Creek Rd.",44.438669,-120.58406,,Ribes aureum,Mill Creek Rd. near NF33,3,net,GP,28,,
12459829,5/13/2018,843723,"Crook Co., Mill Creek Rd.",44.438669,-120.58406,,Amelanchier alnifolia,Mill Creek Rd. near NF33,5,net,GP,29,,
12459936,5/13/2018,843723,"Crook Co., Mill Creek Rd.",44.440048,-120.580071,,Collinsia,Wildcat Campground Trail,2,net,GP,30,,
12460019,5/13/2018,843723,"Crook Co., Mill Creek Rd.",44.440048,-120.580071,,Ribes cereum,"Mill Creek, Wildcat campgound trail",1,net,GP,31,,
12460108,5/13/2018,843723,"Crook Co., Mill Creek Rd.",44.440048,-120.580071,,Hydrophyllum,"Mill Creek, Wildcat Campground trail",1,net,GP,32,,
12460112,5/14/2018,754260,"Corvallis, OR, USA",44.5924264,-123.300693,,Cornus sericea,backyard,6,net,EW,22,,
12460605,5/14/2018,792468,"Oregon, US",45.23926226,-123.0465712,,Lupinus rivularis,"Dayton, Winter's Hill Estate",7,net,Mol,107,,
12461356,5/14/2018,754260,"3334 NW Covey Run, Corvallis, OR 97330, USA",44.59894687,-123.3151859,,Gilia tricolor,backyard,5,net,EW,23,,
12461483,5/14/2018,816764,"6451 NE Hilltop Ln, Dayton, OR, US",45.25816555,-123.0741965,,Potentilla,"Dayton, winter's hill estate",2,net,NC,5,,
12462951,5/14/2018,854908,"Multnomah County, US-OR, US",45.54358827,-122.7507955,,Allium schoenoprasum,7144 NW Thompson Road,1,net,ENR,8,,
12463039,5/14/2018,818691,"91 Madison St, Eugene, OR, US",44.0590802,-123.1032071,,Rosa,My garden,2,net,LD,10,,
12464446,5/14/2018,792468,"2010 NE Lafayette Ave, McMinnville, OR, US",45.22354226,-123.1753121,,Rosa,"McMinnville, Yamhill County Extension Offce",2,net,Mol,108,,
12468673,4/18/2018,384451,"Columbia County, Oregon, Fairgrounds",45.848936,-122.86942,,Taraxacum officinale,"Oregon, St. Helens, Fairgrounds, Demogarden",2,net,DRB,1,,
12471655,4/18/2018,384451,"Oregon, Scappoose, Brimacombe",45.78537,-122.886832,,,"Oregon, Scappoose, Brimacombe",1,net,DRB,2,,
12471914,4/20/2018,384451,"Oregon, Aurora, NWREC",45.281278,-122.749645,,Taraxacum officinale,"Oregon, Aurora, NWREC",1,net,DRB,3,,
12472000,4/21/2018,384451,"Oregon, Multnomah Village, Maplewood School",45.471311,-122.729909,Portland,,"Oregon, Multnomah Village, Maplewood School",1,net,DRB,4,,
12472128,4/21/2018,384451,"Oregon, Scappoose, Brimacombe",45.78537,-122.886833,,Taraxacum,"Oregon, Scappoose, Brimacombe",1,net,DRB,5,,
12472267,4/22/2018,384451,"Oregon, Scappoose, Brimacombe",45.785099,-122.887533,,,"Oregon, Scappoose, Brimacombe",1,net,DRB,6,,
12472629,4/24/2018,384451,"Oregon, Scappoose, Brimacombe",45.785043,-122.885765,,Nomada,"Oregon, Scappoose, Brimacombe",2,net,DRB,7,,
12473693,5/14/2018,754260,"3334 NW Covey Run, Corvallis, OR 97330, USA",44.59890524,-123.3155276,,Lupinus oreganus,backyard,1,net,EW,24,,
12473700,5/14/2018,754260,"3334 NW Covey Run, Corvallis, OR 97330, USA",44.59877449,-123.3152322,,Sidalcea malviflora,backyard,5,net,EW,25,,
12494242,5/15/2018,792468,"12125 SE Burns Rd, McMinnville, OR, US",45.18318348,-123.1770446,,Rhododendron macrophyllum,"McMinnville, O'Loughlin Farms",2,net,Mol,109,,
12495926,5/15/2018,754260,"Benton County, US-OR, US",44.59468634,-123.302924,,Prunus virginiana,"City owned riparian habitat on west side of Glenridge Dr, opposite 2867 Glenridge Dr.",4,net,EW,26,,
12504728,5/2/2018,384451,"Oregon, St. Helens, OSU Extension",45.864857,-122.818399,,Camassia,"Oregon, St. Helens, OSU Extension",3,net,DRB,8,,
12505562,5/2/2018,384451,"Oregon, St. Helens, OSU Extension",45.864857,-122.818399,,Plectritis congesta,"Oregon, St. Helens, OSU Extension",4,net,DRB,9,,
12505696,5/2/2018,384451,"Oregon, St. Helens, OSU Extension",45.864857,-122.818399,,,"Oregon, St. Helens, OSU Extension",6,net,DRB,10,,
12505795,5/2/2018,384451,"Oregon, St. Helens, OSU Extension",45.864857,-122.818399,,Mimulus guttatus,"Oregon, St. Helens, OSU Extension",2,net,DRB,11,,
12506047,5/10/2018,384451,"Oregon, St. Helens, OSU Extension",45.864857,-122.818399,,Plagiobothrys,"Oregon, St. Helens, OSU Extension",1,net,DRB,12,,
12524412,5/16/2018,966840,"3831 Klindt Dr, The Dalles, OR, US",45.63022746,-121.1980223,,,,5,net,MLS,1,,
12525100,5/16/2018,792859,"3831 Klindt Dr, The Dalles, OR, US",45.63023833,-121.1980533,,Bombus nevadensis,,1,net,CV,1,,
12525954,5/16/2018,824125,"Riverfront Trail, The Dalles, OR 97058, USA",45.6304512,-121.1981694,,Coreopsis lanceolata,The DIG,1,net,KLO,13,,
12527145,5/16/2018,429964,"Riverfront Trail, The Dalles, OR 97058, USA",45.63040276,-121.1981075,,,,0,nest block,apm,block 130,,
12538356,5/16/2018,429964,"Vietnam Veterans Memorial Highway, The Dalles, OR 97058, USA",45.6732348,-121.2645058,,Ceanothus,,1,net,apm,15,,
12538376,5/16/2018,429964,"5343-5573 Historic Columbia River Hwy, The Dalles, OR 97058, USA",45.66837605,-121.2456915,,Vicia,,6,net,apm,16,,
12547496,5/3/2018,858490,"1138 Swallow Ln, Redmond, OR 97756, USA",44.26419286,-121.2494315,,Ribes cereum,"Redmond, Eagle Crest, river path",1,net,hw,7,,
12547615,5/17/2018,800960,"Keewatin, Unorganized NU, , NU, CA",60.58697157,-95.69999227,,Bombus vosnesenskii,,,net,PA,,,
12547678,5/17/2018,858490,"7555 Falcon Crest Dr, Redmond, OR 97756, USA",44.26009843,-121.2641231,,Aethionema saxatile,"Redmond, Eagle Crest, convention center",1,net,HW,8,,
12550480,5/17/2018,858490,"7210 Falcon Crest Dr, Redmond, OR 97756, USA",44.2617732,-121.2579597,,,"Redmond, Eagle Crest, near Lake",5,net,hw,9,,
12556021,5/17/2018,800960,"8633 Mosier the Dalles Hwy, Mosier, OR, US",45.68737331,-121.385753,,Rosaceae,Moiser,2,net,PA,12,,
12559192,5/17/2018,175529,"311 NW Lewisburg Ave, Corvallis, OR, US",44.63120452,-123.246915,,Tellima grandiflora,Chintimini Wildlife Center,8,net,JLP,32,,
12559304,5/11/2018,792083,"2000–2002 SW 45th St, Corvallis, OR, US",44.54932795,-123.3000871,,,"SAGE garden, Corvallis",5,net,KDZ,13,,
12563012,5/17/2018,429964,"Mosier Plateau Trail, Mosier, OR 97040, USA",45.68691135,-121.3849104,,,,0,nest block,apm,block175,,
12563016,5/17/2018,429964,"Mosier Plateau Trail, Mosier, OR 97040, USA",45.68734181,-121.3863452,,,,0,nest block,apm,block180,,
12563019,5/17/2018,429964,"7725 Mosier-The Dalles Hwy, The Dalles, OR 97058, USA",45.6874803,-121.338421,,,,0,pan trap,apm,17,2018-05-17T16:54:00-07:00,2018-05-20T18:38:00-07:00
12563022,5/17/2018,429964,"7725 Mosier-The Dalles Hwy, The Dalles, OR 97058, USA",45.68750882,-121.3384288,,Vicia,,7,net,apm,18,,
12563026,5/17/2018,429964,"6364-6638 Historic Columbia River Hwy, Mosier, OR 97040, USA",45.68124182,-121.2999989,,,,0,pan trap,apm,19,2018-05-17T17:48:00-07:00,
12563031,5/17/2018,429964,"5343-5573 Historic Columbia River Hwy, The Dalles, OR 97058, USA",45.66812988,-121.2434618,,,,0,pan trap,apm,20,2018-05-17T18:05:00-07:00,
12563037,5/17/2018,429964,"5343-5573 Historic Columbia River Hwy, The Dalles, OR 97058, USA",45.66801779,-121.2435692,,,,0,vane trap,apm,21,2018-05-17T18:11:00-07:00,
12563423,5/11/2018,271351,Minto Brown Island Park,44.91936,-123.07877,,Cornus stolonifera californica,Minto Brown Island Park,4,net,TER,28,,
12563461,5/11/2018,271351,Minto Brown Island Park,44.91936,-123.07877,,Rubus parviflorus,Minto Brown Island Park,2,net,TER,29,,
12563582,5/14/2018,271351,Luckiamute River Landing,44.73394,-123.163519,,,Luckiamute River Landing,4,vane trap,TER,30,5/13/2018 14:05,5/14/2018 16:00
12563657,5/16/2018,271351,Heritage Seeds,44.89543,-122.88828,,Taraxacum officinale,Heritage Seeds,2,net,TER,31,,
12563693,5/16/2018,271351,Heritage Seeds,44.89543,-122.88828,,Sidalcea campestris,Heritage Seeds,1,net,TER,32,,
12563722,5/16/2018,271351,Heritage Seeds,44.89543,-122.88828,,Wyethia angustifolia,Heritage Seeds,2,net,TER,33,,
12563802,5/9/2018,271351,Bonesteele Co. Park,44.87929,-122.93565,,Leucanthemum vulgare,Bonesteele County Park,1,net,JAB,13,,
12563883,5/11/2018,271351,Minto Brown island Park,44.91936,-123.07877,,Rubus parviflorus,Minto Brown Island Park,1,net,JAB,14,,
12563945,5/12/2018,271351,Minto Brown island Park,44.91936,-123.07877,,,Minto Brown Island Park,30,vane trap,JAB,15,5/11/2018 12:25,5/12/2018 16:40
12564012,5/16/2018,271351,Heritage Seeds,44.89543,-122.88828,,Sidalcea campestris,Heritage Seeds,2,net,JAB,16,,
12564029,5/16/2018,271351,Heritage Seeds,44.89543,-122.88828,,,Heritage Seeds,1,net,JAB,17,,
12564057,5/16/2018,271351,Heritage Seeds,44.89543,-122.88828,,Wyethia angustifolia,Heritage Seeds,1,net,JAB,18,,
12567961,5/11/2018,841568,"Corvallis, OR, USA",44.54957378,-123.304795,,Fraxinus latifolia,Sunset Park wetland,3,net,LOH,11,,
12568099,5/11/2018,841568,"Corvallis, OR, USA",44.54917194,-123.3000777,,Bellis,Sunset Park Community gardens,5,net,LOH,12,,
12568312,5/11/2018,841568,"Corvallis, OR, USA",44.54716964,-123.3009359,,Crataegus gaylussacia,Sunset Park,5,net,LOH,13,,
12568489,5/14/2018,841568,"Friendly, Eugene, OR, USA",44.03276171,-123.0944966,,Aquilegia vulgaris,2436 Olive Street,3,net,LOH,14,,
12574014,5/9/2018,792468,"507 NE 11th St, McMinnville, OR 97128, USA",45.2159126,-123.1940116,,Anthidium,"Yamhill County, McMinnville, 11th St",3,,Mol,110,,
12578708,5/18/2018,927865,"222 SW Canby St, Portland, OR, US",45.46817112,-122.6763973,Portland,Ceanothus,Steve’s,1,net,NL,1,,
12586378,5/18/2018,754260,"3334 NW Covey Run, Corvallis, OR 97330, USA",44.59915218,-123.3151961,,Eschscholzia californica,backyard,2,net,EW,27,,
12586971,5/18/2018,792083,"Smith Ln, Corvallis, OR, US",44.5656766,-123.2405861,,Salvia pratensis,ORGS farm,6,net,KDZ,14,,
12588824,5/18/2018,754260,"3334 NW Covey Run, Corvallis, OR 97330, USA",44.59905219,-123.3151452,,Spiraea betulifolia,backyard,7,net,EW,28,,
12591162,5/17/2018,843723,"Deschutes Co, Eagle Crest Resort, River Trail",44.267813,-121.257138,,Magnoliophyta,"Deschutes Co., Eagle Crest Resort Trail",3,net,RLP,33,,
12591434,5/17/2018,843723,"Deschutes Co, Eagle Crest Resort, River Trail",44.267375,-121.252085,,Thelypodium laciniatum,"Deschutes Co., Eagle Crest Resort Trail",6,net,RLP,34,,
12591878,5/17/2018,843723,"Deschutes Co, Eagle Crest Resort, River Trail",44.267597,-121.255453,,Descurainia sophia,Eagle Crest river trail,2,net,GP,33,,
12591931,5/17/2018,843723,"Deschutes Co, Eagle Crest Resort, River Trail",44.267447,-121.254809,,Thelypodium laciniatum,Eagle Crest River Trail,5,net,GP,34,,
12591969,5/17/2018,843723,"Deschutes Co, Eagle Crest Resort, River Trail",44.266848,-121.255667,,Taraxacum officinale,Eagle Crest River Trail,1,net,GP,35,,
12592121,5/18/2018,175529,"113 NW Lewisburg Ave, Corvallis, OR, US",44.63216295,-123.2468727,,Leucanthemum vulgare,,1,net,JLP,33,,
12617649,5/19/2018,818691,"Pleasant Hill, OR  97455, Pleasant Hill, OR, US",43.92128653,-122.8118562,,Eschscholzia californica,Elijah Bristow State Park,2,net,LD,15,,
12618484,5/19/2018,792468,"12125 SE Burns Rd, McMinnville, OR, US",45.17122619,-123.1855348,,Nemophila maculata,"McMinnville, O'Loughlin Farms",1,net,Mol,111,,
12621590,5/19/2018,843723,"Deschutes Co., Bend, Tumalo, Pinehurst Rd",44.146189,-121.376545,,Rhus aromatica,"Bend, Tumalo, Pinehurst Rd.",19,net,RLP,35,,
12622796,5/18/2018,858490,"Madras, Oregon  850 NE Dogwood Lane - COARC",44.68065526,121.1523357,,Trifolium incarnatum,COARC Madras,7,net,hw,10,,
12627024,5/18/2018,818691,"Willamette National Forest, Blue River, OR, US",43.79886667,-122.3129717,,Fragaria vesca,Near Salmon Creek,7,net,LD,11,,
12627248,5/19/2018,818691,"Willamette National Forest, Oakridge, OR, US",43.76614867,-122.370926,,Rubus ursinus,Salmon Creek,2,net,LD,12,,
12627364,5/19/2018,818691,"Willamette National Forest, Oakridge, OR, US",43.76627167,-122.375625,,Cytisus scoparius,Salmon Creek,1,net,LD,13,,
12627481,5/19/2018,818691,"Pleasant Hill, OR  97455, Pleasant Hill, OR, US",43.92071167,-122.8111717,,Taraxacum officinale,Elijah Bristow State Park,1,net,LD,14,,
12645988,5/19/2018,843723,"18925 Pinehurst Rd. Bend, OR",44.16398,-121.377396,,Rhus aromatica,"Pinehurst Rd., Bend, OR",16,net,GP,36,,
12650376,5/20/2018,792468,"12127–14043 SE Burns Rd, McMinnville, OR, US",45.16475644,-123.1836506,,Lotus,"McMinnville, SE Burns Rd",11,net,Mol,112,,
12651133,5/20/2018,792468,"12125 SE Burns Rd, McMinnville, OR, US",45.17110106,-123.1860705,,Eriophyllum lanatum,"McMinnville, O'Loughlin Farms",2,net,Mol,113,,
12651460,5/20/2018,792468,"12125 SE Burns Rd, McMinnville, OR, US",45.17097591,-123.1859957,,Heuchera,"McMinnville, O'Loughlin Farms",6,net,Mol,114,,
12651980,5/20/2018,792468,"SE Burns Rd, McMinnville, OR, US",45.18215608,-123.1802547,,Heracleum maximum,"McMinnville, SE Burns Rd",19,net,Mol,115,,
12652331,5/20/2018,792468,"SE Burns Rd, McMinnville, OR, US",45.16495126,-123.183707,,Lupinus,"McMinnville, SE Burns Rd",1,net,Mol,116,,
12652546,5/20/2018,854908,"Multnomah County, US-OR, US",45.54362742,-122.7507604,,Allium schoenoprasum,7144 NW Thompson Road,1,net,ENR,9,,
12652966,5/20/2018,854908,"6901-7201 NW Thompson Rd, Portland, OR 97229, USA",45.54354751,-122.7508022,,Allium schoenoprasum,7144 NW Thompson Road,1,net,ENR,10,,
12652973,5/20/2018,792468,"12125 SE Burns Rd, McMinnville, OR, US",45.17159611,-123.1845234,,Rubus ursinus,"McMinnville, O'Loughlin Farms",3,net,Mol,117,,
12653467,5/20/2018,792468,"12125 SE Burns Rd, McMinnville, OR, US",45.17195238,-123.1819679,,Brassica rapa,"McMinnville, O'Loughlin Farms",2,net,Mol,118,,
12653800,5/20/2018,792468,"12125 SE Burns Rd, McMinnville, OR, US",45.17247943,-123.1821688,,Plagiobothrys figuratus,"McMinnville, O'Loughlin Farms",5,net,Mol,119,,
12654686,5/20/2018,792468,"12125 SE Burns Rd, McMinnville, OR, US",45.18293236,-123.1747329,,Rubus ursinus,"McMinnville, O'Loughlin Farms",5,net,Mol,120,,
12654959,5/20/2018,792468,"12125 SE Burns Rd, McMinnville, OR, US",45.17528752,-123.1828391,,Heracleum maximum,"McMinnville, O'Loughlin Farms",5,net,Mol,121,,
12662359,5/20/2018,429964,"Mosier Plateau Trail, Mosier, OR 97040, USA",45.68700865,-121.3852011,,,,0,pan trap,apm,22,2018-05-17T14:30:00-07:00,2018-05-20T18:12:00-07:00
12663786,5/20/2018,818691,"651–749 Clark St, Eugene, OR, US",44.0598603,-123.1031883,,Eschscholzia californica,Madison and Clark,2,net,LD,16,,
12663837,5/18/2018,841568,,,,,Physocarpus capitatus,LOH yard,6,net,LOH,15,,
12664273,5/20/2018,818691,"301 N Adams St, Eugene, OR, US",44.06359306,-123.1056249,,Symphytum officinale,near the River House,2,net,LD,17,,
12675453,5/12/2018,793138,TFO,44.711555,-123.365924,,Vicia,,1,net,PW,33,,
12675488,5/13/2018,793138,TFO,44.711555,-123.365924,,Raphanus sativus,,5,net,PW,34,,
12675507,5/13/2018,793138,TFO,44.711555,-123.365924,,,,1,net,PW,35,,
12675562,5/13/2018,793138,TFO,44.711555,-123.365924,,,,1,net,PW,36,,
12675614,5/13/2018,793138,TFO,44.711555,-123.365924,,,,32,pan trap,PW,37,5/12/2018 14:45,5/13/2018 12:15
12675634,5/13/2018,793138,TFO,44.711555,-123.365924,,,,3,vane trap,PW,38,,
12675681,5/17/2018,793138,RHR,44.759065,-123.232464,,,,1,net,PW,39,,
12675732,5/17/2018,793138,RHR,44.759065,-123.232464,,Camassia,,2,net,PW,40,,
12675802,5/17/2018,793138,RHR,44.759065,-123.232464,,Vaccinium ovatum,,1,net,PW,41,,
12675869,5/17/2018,793138,TFO,44.711711,-123.365616,,Claytonia sibirica,,1,net,PW,42,,
12676009,5/18/2018,793138,TFO,44.711711,-123.365616,,Lomatium triternatum,,1,net,PW,43,,
12676880,5/18/2018,793138,RHR,44.759065,-123.232464,,Leucanthemum vulgare,,1,net,PW,44,,
12676901,5/18/2018,793138,RHR,44.759065,-123.232464,,Taraxacum officinale,,1,net,PW,45,,
12684065,5/21/2018,808137,"Independence, OR  97351, Independence, OR, US",44.73208655,-123.1510476,,Raphanus sativus,,7,net,RM,8,5/21/2018 11:41,
12684388,5/21/2018,175529,"Independence, OR  97351, Independence, OR, US",44.73309397,-123.1508029,,Raphanus sativus,,6,net,JLP,34,,
12684995,5/21/2018,808137,"Independence, OR  97351, Independence, OR, US",44.73382688,-123.1492335,,Physocarpus capitatus,,6,net,RM,9,,
12712347,5/22/2018,792468,"17701 SW Gopher Valley Rd, Sheridan, OR, US",45.13386572,-123.3730019,,Cichorioideae,"McMinnville, Gopher Valley",14,net,Mol,122,,
12712562,5/22/2018,792468,"Oregon, US",45.14469871,-123.2667321,,Lupinus rivularis,"McMinnville, Gopher Valley",1,net,Dto,16,,
12712759,5/22/2018,792468,"17701 SW Gopher Valley Rd, Sheridan, OR, US",45.13370551,-123.3739013,,Bellis perennis,"McMinnvile, Gopher Valley",1,net,Dto,17,,
12712832,5/22/2018,792468,"17701 SW Gopher Valley Rd, Sheridan, OR, US",45.1335217,-123.3738473,,Bellis perennis,"McMinnville, Gopher Valley",7,net,Mol,123,,
12713008,5/22/2018,792468,"17701 SW Gopher Valley Rd, Sheridan, OR, US",45.13378142,-123.3741014,,Vicia,"McMinnville, Gopher Valley",1,net,Mol,124,,
12713102,5/22/2018,816767,"17701 SW Gopher Valley Rd, Sheridan, OR, US",45.13426254,-123.374001,,Sidalcea campestris,gvr blvd,1,net,jt,22,,
12713515,5/22/2018,792468,"17701 SW Gopher Valley Rd, Sheridan, OR, US",45.13520242,-123.3736532,,Crepis capillaris,"McMinnville, Gopher Valley",3,net,Dto,18,,
12714392,5/22/2018,792468,"17701 SW Gopher Valley Rd, Sheridan, OR, US",45.13370402,-123.3731768,,Eschscholzia californica,"McMinnville, Gopher Valley",8,net,Mol,125,,
12714446,5/22/2018,792468,"17701 SW Gopher Valley Rd, Sheridan, OR, US",45.13370087,-123.3732506,,Eschscholzia californica,"McMinnville, Gopher Valley",1,net,Dto,19,,
12714611,5/22/2018,792468,"Oregon, US",45.0565605,-123.2355122,,Lupinus rivularis,"McMinnville, Gopher Valley",5,net,Mol,126,,
12714878,5/22/2018,792468,"17701 SW Gopher Valley Rd, Sheridan, OR, US",45.13388186,-123.373059,,Cerastium tomentosum,"McMinnville, Gopher Valley",2,net,Dto,20,,
12715285,5/22/2018,792468,"17701 SW Gopher Valley Rd, Sheridan, OR, US",45.13378682,-123.3728709,,Dichelostemma congestum,"McMinnville, Gopher Valley",1,net,Mol,127,,
12718054,5/22/2018,792468,"23790 NW Turner Creek Rd, Yamhill, OR, US",45.38862124,-123.2639214,,Bellis perennis,"Yamhill, Turner Creek",3,net,Mol,128,,
12718124,5/22/2018,831425,"23790 NW Turner Creek Rd, Yamhill, OR, US",45.38847686,-123.2639032,,Bellis perennis,"Yamhill, turner creek",1,net,Pef,4,,
12718527,5/22/2018,792468,"23790 NW Turner Creek Rd, Yamhill, OR, US",45.38854232,-123.2640053,,Eriophyllum lanatum,"Yamhill, Turner Creek",2,net,Mol,129,,
12718533,5/22/2018,831425,"23790 NW Turner Creek Rd, Yamhill, OR, US",45.38838546,-123.2640768,,Eriophyllum lanatum,"Yamhill,turner creek",1,net,Pef,5,,
12718715,5/22/2018,792468,"23790 NW Turner Creek Rd, Yamhill, OR, US",45.3884981,-123.2640753,,Cerastium tomentosum,"Yamhill, Turner Creek",1,net,Mol,130,,
12718930,5/22/2018,818691,"Skinner Butte Park, Eugene, OR, US",44.05935605,-123.0959847,,Claytonia sibirica,Skinner’s Butte,6,net,LD,18,,
12719063,5/22/2018,792468,"23790 NW Turner Creek Rd, Yamhill, OR, US",45.38854989,-123.2640319,,Sedum,"Yamhill, Turner Creek",4,net,Mol,131,,
12719507,5/22/2018,816767,"17701 SW Gopher Valley Rd, Sheridan, OR, US",45.13433106,-123.3718442,,Claytonia,gvr e hill,1,net,jt,23,,
12719517,5/22/2018,792468,"23790 NW Turner Creek Rd, Yamhill, OR, US",45.38870822,-123.2644048,,Allium,"Yamhill, Turner Creek",2,net,Mol,132,,
12719557,5/22/2018,818691,"Skinner Butte Park, Eugene, OR, US",44.05922717,-123.0943825,,Hydrophyllum tenuipes,Skinner’s Butte,6,net,LD,19,,
12719604,5/22/2018,831425,"23790 NW Turner Creek Rd, Yamhill, OR, US",45.38877647,-123.2643592,,Allium,"Yamhill, turner creek",1,net,Pef,6,,
12719843,5/22/2018,816767,"17701 SW Gopher Valley Rd, Sheridan, OR, US",45.13433601,-123.3719961,,Heracleum maximum,gvr e hill,1,net,jt,24,,
12720324,5/22/2018,831425,"23790 NW Turner Creek Rd, Yamhill, OR, US",45.38877974,-123.2644664,,Erysimum,"Yamhill, turner creek",1,net,Pef,7,,
12720381,5/22/2018,792468,"23790 NW Turner Creek Rd, Yamhill, OR, US",45.38873176,-123.2644788,,Verbenaceae,"Yamhill, Turmer Creek",1,net,Mol,133,,
12720497,5/22/2018,858490,"410-434 SE 9th St, Madras, OR 97741, USA",44.63029236,-121.1256339,,,"Madras, 434 SE 9th, front yard",0,nest block,hw,block 134,2018/05/14 9:36 PM UTC,
12720762,5/22/2018,831425,"23790 NW Turner Creek Rd, Yamhill, OR, US",45.38879726,-123.264508,,Heuchera,"Yamhill, turner creek",1,net,PEF,8,,
12720792,5/22/2018,858490,"850 NW Dogwood Ln, Madras, OR 97741, USA",44.6803137,-121.1499486,,,COARC garden,0,nest block,hw,block 11,2018-05-08T14:13:00-07:00,
12721138,5/22/2018,816767,"17701 SW Gopher Valley Rd, Sheridan, OR, US",45.13400023,-123.3723602,,Calochortus tolmiei,gvr e hill,2,net,jt,25,,
12721547,5/22/2018,816767,"17701 SW Gopher Valley Rd, Sheridan, OR, US",45.1338494,-123.3725276,,Dichelostemma congestum,gvr e hill,1,net,jt,26,,
12724936,5/22/2018,858490,"850 NW Dogwood Ln, Madras, OR 97741, USA",44.68037116,-121.149893,,,COARC Garden,0,nest block,hw,nesting tube,2018-05-08T14:17:00-07:00,
12727027,5/22/2018,792468,"Evergreen Aviation & Space Museum, McMinnville, OR, US",45.20413903,-123.1452399,,Bellis perennis,"McMinnville, Evergreen Space Museum",1,net,Mol,134,,
12727100,5/22/2018,792468,"Evergreen Aviation & Space Museum, McMinnville, OR, US",45.20488209,-123.1444388,,Trifolium repens,"McMinnville, Evergreen Space Museum",2,net,Mol,135,,
12729757,5/14/2018,384451,"Oregon, Scappoose, Community Center Garden",45.74953,-122.880649,,,"Oregon, Scappoose, Community center Garden",3,net,DRB,13,,
12729845,5/14/2018,384451,"Oregon, Scappoose, Community Center Garden",45.749503,-122.880446,,Eschscholzia californica,"Oregon, Scappoose, Community center Garden",2,net,DRB,14,,
12729945,5/14/2018,384451,"Oregon, Scappoose, Community Center Garden",45.749458,-122.880453,,,"Oregon, Scappoose, Community center Garden",1,net,DRB,15,,
12730179,5/17/2018,384451,"Columbia County, US-OR, US",45.864646,-122.818721,,Plectritis congesta congesta,"Oregon, St. Helens, OSU Extension",1,net,DRB,16,,
12737363,5/21/2018,793138,Rolling Hills Rd,44.759065,-123.232464,,Claytonia sibirica,,1,net,PW,46,,
12737391,5/21/2018,793138,Rolling Hills Rd,44.759065,-123.232464,,Lupinus oreganus,,2,net,PW,47,,
12737427,5/21/2018,793138,Rolling Hills Rd,44.759065,-123.232464,,Sanicula crassicaulis,,1,net,PW,48,,
12737748,5/22/2018,793138,"Benton County, US-OR, US",44.711711,-123.365616,,Poales,,1,net,PW,49,,
12737806,5/22/2018,793138,"Benton County, US-OR, US",44.711711,-123.365616,,Vicia sativa,,1,net,PW,50,,
12737821,5/22/2018,793138,"Benton County, US-OR, US",44.711711,-123.365616,,,,1,net,PW,51,,
12741585,5/21/2018,843723,"Deschutes Co, Bend, Tumalo",44.145744,-121.376487,,Lonicera tatarica,"Deschutes Co. Bend, Tumalo",6,net,RLP,36,,
12741713,5/21/2018,843723,"Deschutes Co, Bend, Tumalo",44.145744,-121.376487,,,"Bend, Tumalo",3,net,RLP,37,,
12741953,5/21/2018,843723,"Deschutes Co, Bend, Tumalo, Home",44.145698,-121.376487,,Rhus aromatica,"Bend, Tumalo, Pinehurst Rd.",1,net,RLP,38,,
12742284,5/22/2018,843723,"Deschutes Co., Northwest of Sisters 4 miles, on Hwy #20",44.317274,-121.579513,,,north west of Sisters,1,net,RLP,39,,
12742467,5/22/2018,843723,"Deschutes Co., Northwest of Sisters 4 miles, on Hwy #20",44.329163,-121.588359,,,"Nortwest of Sisters, 4 Miles",2,net,RLP,40,,
12742762,5/22/2018,843723,"Deschutes Co., Suttle Lake Lodge turnoff road",44.425539,-121.726205,,Ribes sanguineum,Suttle Lake Lodge turnoff road,1,net,RLP,41,,
12743040,5/22/2018,843723,"Deschutes Co., Above Suttle Lakes west end on Hwy #20",44.425276,-121.820776,,Vaccinium,Above Suttle Lakes West end on Hwy #20,3,net,RLP,42,,
12743307,5/22/2018,843723,"Deschutes Co., Above Suttle Lakes west end on Hwy #20",44.425276,-121.820776,,,Hwy #20 west of Suttle Lake about 8 miles,1,net,Rlp,43,,
12743563,5/22/2018,843723,"Deschutes Co., Above Suttle Lakes west end on Hwy #20",44.424453,-121.812195,,Ribes sanguineum,"Hwy. #20, Suttle lake, 7 miles west of",3,net,RLP,44,,
12743713,5/22/2018,843723,"Deschutes Co., West of Camp Sherman",44.456396,-121.66097,,,sveral miles west of Camp Sherman,1,net,RLP,45,,
12743904,5/22/2018,843723,"Deschutes Co., West of Camp Sherman",44.456396,-121.66097,,Lomatium dissectum,"Camp Sherman, several miles west",2,net,Rlp,46,,
12748186,5/23/2018,792468,"6297–6319 SE Whiteson Rd, Amity, OR, US",45.15327648,-123.1751524,,Heracleum maximum,"McMinnville, Whiteson Rd",2,net,Mol,140,,
12752929,5/23/2018,754260,"3334 NW Covey Run, Corvallis, OR 97330, USA",44.6003635,-123.3176243,,Geranium oreganum,backyard,,net,EW,29,,
12753662,5/23/2018,754260,"3334 NW Covey Run, Corvallis, OR 97330, USA",44.59936994,-123.3153136,,Wyethia angustifolia,backyard,1,net,EW,30,,
12754470,5/23/2018,754260,"3334 NW Covey Run, Corvallis, OR 97330, USA",44.59901266,-123.3156872,,Dichelostemma congestum,backyard,2,net,EW,31,,
12777847,5/24/2018,792468,"2050 NE Lafayette Ave, McMinnville, OR, US",45.2238813,-123.1751922,,Rhododendron macrophyllum,McMinnville Yamhill County Extension,1,net,Mol,139,,
12778033,5/24/2018,792468,"2075 NE Lafayette Ave, McMinnville, OR, US",45.22382616,-123.1752438,,Ceanothus,McMinnville Yamhill Extension Service,2,net,Mol,140,,
